utc_iso,obc_tick16,mode,bat_v_min_mV,bat_v_mean_mV,temp_bat_max_cC,temp_obc_max_cC,gyro_abs_max,rssi_min,crc_err_cnt,reset_cnt,health_bits
2027-03-14T00:00:00Z,0,1,7695,7710,1585,2027,14,-87,0,0,0x01
2027-03-14T00:01:00Z,600,1,7716,7730,1634,2102,15,-78,0,0,0x01
2027-03-14T00:02:00Z,1200,1,7735,7750,1702,2165,17,-71,0,0,0x01
2027-03-14T00:03:00Z,1800,1,7750,7767,1756,2221,17,-66,0,0,0x01
2027-03-14T00:04:00Z,2400,1,7773,7785,1822,2291,12,-65,0,0,0x01
2027-03-14T00:05:00Z,3000,1,7785,7801,1881,2348,15,-63,0,0,0x01
2027-03-14T00:06:00Z,3600,1,7807,7817,1947,2394,12,-65,0,0,0x01
2027-03-14T00:07:00Z,4200,1,7817,7832,2002,2455,15,-74,0,0,0x01
2027-03-14T00:08:00Z,4800,1,7825,7845,2050,2514,17,-78,0,0,0x01
2027-03-14T00:09:00Z,5400,1,7846,7860,2115,2575,12,-88,0,0,0x01
2027-03-14T00:10:00Z,6000,1,7861,7871,2174,2639,15,-122,0,0,0x01
2027-03-14T00:11:00Z,6600,1,7871,7884,2220,2677,13,-119,0,0,0x01
2027-03-14T00:12:00Z,7200,1,7884,7896,2261,2720,15,-120,0,0,0x01
2027-03-14T00:13:00Z,7801,1,7895,7906,2314,2771,15,-119,0,0,0x01
2027-03-14T00:14:00Z,8401,1,7906,7916,2373,2824,13,-119,0,0,0x01
2027-03-14T00:15:00Z,9001,1,7916,7927,2419,2861,13,-118,0,0,0x01
2027-03-14T00:16:00Z,9601,1,7925,7935,2440,2911,16,-119,0,0,0x01
2027-03-14T00:17:00Z,10201,1,7936,7945,2482,2947,15,-119,0,0,0x01
2027-03-14T00:18:00Z,10801,1,7944,7955,2513,2994,18,-119,0,0,0x01
2027-03-14T00:19:00Z,11401,1,7951,7962,2549,3004,12,-119,0,0,0x01
2027-03-14T00:20:00Z,12001,1,7960,7970,2586,3051,14,-120,0,0,0x01
2027-03-14T00:21:00Z,12601,1,7967,7978,2616,3077,14,-118,0,0,0x01
2027-03-14T00:22:00Z,13201,1,7970,7984,2633,3108,15,-120,0,0,0x01
2027-03-14T00:23:00Z,13801,1,7979,7990,2649,3130,14,-122,0,0,0x01
2027-03-14T00:24:00Z,14401,1,7987,7996,2672,3139,15,-119,0,0,0x01
2027-03-14T00:25:00Z,15001,1,7992,8002,2692,3168,12,-119,0,0,0x01
2027-03-14T00:26:00Z,15601,1,8000,8009,2701,3162,15,-120,0,0,0x01
2027-03-14T00:27:00Z,16201,1,8006,8014,2712,3181,12,-120,0,0,0x01
2027-03-14T00:28:00Z,16801,1,8009,8019,2729,3184,17,-118,0,0,0x01
2027-03-14T00:29:00Z,17401,1,8015,8024,2723,3205,17,-119,0,0,0x01
2027-03-14T00:30:00Z,18001,1,8016,8028,2724,3186,15,-118,0,0,0x01
2027-03-14T00:31:00Z,18601,1,8022,8033,2716,3181,13,-118,0,0,0x01
2027-03-14T00:32:00Z,19201,1,8029,8037,2708,3189,14,-118,0,0,0x01
2027-03-14T00:33:00Z,19801,1,8030,8041,2696,3169,16,-119,0,0,0x01
2027-03-14T00:34:00Z,20401,1,8035,8044,2695,3165,17,-119,0,0,0x01
2027-03-14T00:35:00Z,21001,1,8042,8049,2678,3140,12,-118,0,0,0x01
2027-03-14T00:36:00Z,21601,1,8042,8052,2665,3127,14,-118,0,0,0x01
2027-03-14T00:37:00Z,22201,1,8041,8055,2632,3109,21,-119,0,0,0x01
2027-03-14T00:38:00Z,22801,1,8048,8059,2614,3080,17,-118,0,0,0x01
2027-03-14T00:39:00Z,23402,1,8054,8062,2583,3068,12,-120,0,0,0x01
2027-03-14T00:40:00Z,24002,1,8053,8064,2556,3021,12,-121,0,0,0x01
2027-03-14T00:41:00Z,24602,1,8057,8067,2532,2981,13,-122,0,0,0x01
2027-03-14T00:42:00Z,25202,1,8058,8070,2473,2954,15,-119,0,0,0x01
2027-03-14T00:43:00Z,25802,1,8061,8072,2443,2918,16,-118,0,0,0x01
2027-03-14T00:44:00Z,26402,1,8060,8075,2403,2863,15,-119,0,0,0x01
2027-03-14T00:45:00Z,27002,1,8068,8077,2357,2818,16,-118,0,0,0x01
2027-03-14T00:46:00Z,27602,1,8070,8079,2314,2775,12,-120,0,0,0x01
2027-03-14T00:47:00Z,28202,1,8072,8081,2263,2741,13,-119,0,0,0x01
2027-03-14T00:48:00Z,28802,1,8075,8084,2214,2691,14,-119,0,0,0x01
2027-03-14T00:49:00Z,29402,1,8076,8084,2167,2624,12,-121,0,0,0x01
2027-03-14T00:50:00Z,30002,1,8078,8086,2108,2582,11,-86,0,0,0x01
2027-03-14T00:51:00Z,30602,1,8078,8088,2064,2533,15,-78,0,0,0x01
2027-03-14T00:52:00Z,31202,1,8083,8090,1997,2467,13,-70,0,0,0x01
2027-03-14T00:53:00Z,31802,1,8083,8091,1939,2415,15,-66,0,0,0x01
2027-03-14T00:54:00Z,32402,1,8086,8093,1878,2358,13,-64,0,0,0x01
2027-03-14T00:55:00Z,33002,1,8086,8094,1816,2294,15,-65,0,0,0x01
2027-03-14T00:56:00Z,33602,1,8084,8095,1772,2235,11,-67,0,0,0x01
2027-03-14T00:57:00Z,34202,1,8088,8096,1696,2162,16,-72,0,0,0x01
2027-03-14T00:58:00Z,34802,1,8087,8097,1641,2089,15,-79,0,0,0x01
2027-03-14T00:59:00Z,35402,1,8093,8099,1575,2039,11,-86,0,0,0x01
2027-03-14T01:00:00Z,36002,1,8093,8108,2221,2674,13,-119,0,0,0x01
2027-03-14T01:01:00Z,36602,1,8077,8089,2197,2673,15,-118,0,0,0x01
2027-03-14T01:02:00Z,37202,1,8062,8073,2174,2637,12,-119,0,0,0x01
2027-03-14T01:03:00Z,37802,1,8045,8057,2160,2617,14,-119,0,0,0x01
2027-03-14T01:04:00Z,38402,1,8030,8042,2143,2610,13,-119,0,0,0x01
2027-03-14T01:05:00Z,39003,1,8017,8027,2121,2590,11,-119,0,0,0x01
2027-03-14T01:06:00Z,39603,1,7996,8012,2097,2564,15,-120,0,0,0x01
2027-03-14T01:07:00Z,40203,1,7989,7999,2082,2543,13,-120,0,0,0x01
2027-03-14T01:08:00Z,40803,1,7973,7985,2060,2544,13,-118,0,0,0x01
2027-03-14T01:09:00Z,41403,1,7956,7972,2044,2524,13,-122,0,0,0x01
2027-03-14T01:10:00Z,42003,1,7948,7958,2015,2483,13,-118,0,0,0x01
2027-03-14T01:11:00Z,42603,1,7937,7945,1995,2456,16,-121,0,0,0x01
2027-03-14T01:12:00Z,43203,1,7920,7933,1984,2440,13,-118,0,0,0x01
2027-03-14T01:13:00Z,43803,1,7907,7920,1956,2426,13,-119,0,0,0x01
2027-03-14T01:14:00Z,44403,1,7894,7907,1932,2398,17,-118,0,0,0x01
2027-03-14T01:15:00Z,45003,1,7882,7894,1916,2414,12,-119,0,0,0x01
2027-03-14T01:16:00Z,45603,1,7871,7883,1898,2384,10,-119,0,0,0x01
2027-03-14T01:17:00Z,46203,1,7862,7871,1874,2349,11,-120,0,0,0x01
2027-03-14T01:18:00Z,46803,1,7845,7858,1855,2336,15,-120,0,0,0x01
2027-03-14T01:19:00Z,47403,1,7831,7846,1838,2318,15,-120,0,0,0x01
2027-03-14T01:20:00Z,48003,1,7825,7835,1811,2271,12,-119,0,0,0x01
2027-03-14T01:21:00Z,48603,1,7811,7822,1794,2261,17,-119,0,0,0x01
2027-03-14T01:22:00Z,49203,1,7800,7812,1773,2234,12,-120,0,0,0x01
2027-03-14T01:23:00Z,49803,1,7789,7800,1754,2215,15,-122,0,0,0x01
2027-03-14T01:24:00Z,50403,1,7778,7788,1740,2211,17,-119,0,0,0x01
2027-03-14T01:25:00Z,51003,1,7766,7776,1709,2197,12,-121,0,0,0x01
2027-03-14T01:26:00Z,51603,1,7756,7765,1688,2162,18,-121,0,0,0x01
2027-03-14T01:27:00Z,52203,1,7743,7754,1683,2142,16,-119,0,0,0x01
2027-03-14T01:28:00Z,52803,1,7728,7742,1650,2152,12,-119,0,0,0x01
2027-03-14T01:29:00Z,53403,1,7720,7731,1635,2105,18,-120,0,0,0x01
2027-03-14T01:30:00Z,54003,1,7709,7720,1621,2073,12,-119,0,0,0x01
2027-03-14T01:31:00Z,54604,1,7697,7708,1595,2065,15,-120,0,0,0x01
2027-03-14T01:32:00Z,55204,1,7690,7698,1577,2039,18,-119,0,0,0x01
2027-03-14T01:33:00Z,55804,1,7673,7685,1555,2019,15,-118,0,0,0x01
2027-03-14T01:34:00Z,56404,1,7667,7676,1546,1996,14,-120,0,0,0x01
2027-03-14T01:35:00Z,57004,1,7692,7710,1572,2035,12,-120,0,0,0x01
2027-03-14T01:36:00Z,57604,1,7715,7730,1629,2094,20,-118,0,0,0x01
2027-03-14T01:37:00Z,58204,1,7737,7751,1696,2160,18,-119,0,0,0x01
2027-03-14T01:38:00Z,58804,1,7754,7767,1761,2239,13,-122,0,0,0x01
2027-03-14T01:39:00Z,59404,1,7773,7785,1820,2289,17,-121,0,0,0x01
2027-03-14T01:40:00Z,60004,1,7791,7800,1879,2334,13,-86,0,0,0x01
2027-03-14T01:41:00Z,60604,1,7799,7816,1942,2411,15,-78,0,0,0x01
2027-03-14T01:42:00Z,61204,1,7817,7831,1999,2473,13,-72,0,0,0x01
2027-03-14T01:43:00Z,61804,1,7834,7845,2060,2515,15,-67,0,0,0x01
2027-03-14T01:44:00Z,62404,1,7842,7857,2109,2564,13,-64,0,0,0x01
2027-03-14T01:45:00Z,63004,1,7860,7871,2162,2616,12,-63,0,0,0x01
2027-03-14T01:46:00Z,63604,1,7865,7883,2218,2670,13,-66,0,0,0x01
2027-03-14T01:47:00Z,64204,1,7881,7894,2263,2734,11,-73,0,0,0x01
2027-03-14T01:48:00Z,64804,1,7890,7905,2314,2769,17,-78,0,0,0x01
2027-03-14T01:49:00Z,65404,1,7908,7917,2358,2831,15,-87,0,0,0x01
2027-03-14T01:50:00Z,468,1,7911,7925,2399,2897,13,-120,0,0,0x01
2027-03-14T01:51:00Z,1068,1,7924,7937,2446,2907,17,-118,0,0,0x01
2027-03-14T01:52:00Z,1668,1,7934,7945,2481,2940,13,-119,0,0,0x01
2027-03-14T01:53:00Z,2268,1,7946,7954,2517,2988,12,-119,0,0,0x01
2027-03-14T01:54:00Z,2868,1,7952,7962,2552,3024,14,-119,0,0,0x01
2027-03-14T01:55:00Z,3468,1,7956,7969,2585,3054,16,-119,0,0,0x01
2027-03-14T01:56:00Z,4068,1,7967,7977,2616,3078,16,-120,0,0,0x01
2027-03-14T01:57:00Z,4669,1,7973,7984,2635,3099,16,-119,0,0,0x01
2027-03-14T01:58:00Z,5269,1,7983,7991,2652,3112,13,-119,0,0,0x01
2027-03-14T01:59:00Z,5869,1,7989,7997,2675,3145,13,-120,0,0,0x01
2027-03-14T02:00:00Z,6469,1,7993,8002,2697,3152,11,-119,0,0,0x01
2027-03-14T02:01:00Z,7069,1,7997,8008,2700,3176,17,-119,0,0,0x01
2027-03-14T02:02:00Z,7669,1,8004,8014,2712,3181,13,-119,0,0,0x01
2027-03-14T02:03:00Z,8269,1,8011,8019,2730,3182,14,-119,0,0,0x01
2027-03-14T02:04:00Z,8869,1,8010,8023,2723,3185,14,-120,0,0,0x01
2027-03-14T02:05:00Z,9469,1,8012,8029,2718,3186,12,-118,0,0,0x01
2027-03-14T02:06:00Z,10069,1,8026,8034,2719,3177,11,-121,0,0,0x01
2027-03-14T02:07:00Z,10669,1,8026,8036,2709,3189,16,-121,0,0,0x01
2027-03-14T02:08:00Z,11269,1,8031,8041,2699,3178,22,-120,0,0,0x01
2027-03-14T02:09:00Z,11869,1,8035,8044,2698,3164,12,-119,0,0,0x01
2027-03-14T02:10:00Z,12469,1,8039,8048,2676,3153,18,-120,0,0,0x01
2027-03-14T02:11:00Z,13069,1,8045,8053,2652,3122,12,-119,0,0,0x01
2027-03-14T02:12:00Z,13669,1,8043,8055,2634,3104,12,-119,0,0,0x01
2027-03-14T02:13:00Z,14269,1,8047,8058,2606,3073,14,-119,0,0,0x01
2027-03-14T02:14:00Z,14869,1,8055,8062,2589,3053,14,-120,0,0,0x01
2027-03-14T02:15:00Z,15469,1,8055,8064,2556,3015,14,-120,0,0,0x01
2027-03-14T02:16:00Z,16069,1,8057,8067,2513,2985,14,-119,0,0,0x01
2027-03-14T02:17:00Z,16669,1,8063,8070,2488,2962,13,-119,0,0,0x01
2027-03-14T02:18:00Z,17269,1,8065,8073,2450,2898,18,-119,0,0,0x01
2027-03-14T02:19:00Z,17869,1,8066,8074,2405,2857,15,-119,0,0,0x01
2027-03-14T02:20:00Z,18469,1,8070,8078,2362,2812,15,-118,0,0,0x01
2027-03-14T02:21:00Z,19069,1,8069,8079,2321,2785,20,-119,0,0,0x01
2027-03-14T02:22:00Z,19669,1,8070,8081,2262,2718,20,-119,0,0,0x01
2027-03-14T02:23:00Z,20270,1,8075,8082,2215,2696,13,-120,0,0,0x01
2027-03-14T02:24:00Z,20870,1,8077,8084,2166,2622,18,-119,0,0,0x01
2027-03-14T02:25:00Z,21470,1,8078,8087,2121,2575,14,-120,0,0,0x01
2027-03-14T02:26:00Z,22070,1,8078,8088,2058,2503,14,-118,0,0,0x01
2027-03-14T02:27:00Z,22670,1,8080,8089,2001,2463,18,-119,0,0,0x01
2027-03-14T02:28:00Z,23270,1,8081,8091,1948,2395,15,-119,0,0,0x01
2027-03-14T02:29:00Z,23870,1,8082,8093,1890,2348,16,-118,0,0,0x01
2027-03-14T02:30:00Z,24470,1,8079,8093,1821,2275,14,-85,0,0,0x01
2027-03-14T02:31:00Z,25070,1,8086,8095,1757,2219,15,-77,0,0,0x01
2027-03-14T02:32:00Z,25670,1,8088,8097,1697,2149,15,-72,0,0,0x01
2027-03-14T02:33:00Z,26270,1,8088,8097,1636,2100,17,-67,0,0,0x01
2027-03-14T02:34:00Z,26870,1,8090,8099,1563,2024,16,-63,0,0,0x01
2027-03-14T02:35:00Z,27470,1,8092,8108,2223,2680,15,-62,0,0,0x01
2027-03-14T02:36:00Z,28070,1,8072,8089,2195,2661,17,-67,0,0,0x01
2027-03-14T02:37:00Z,28670,1,8059,8072,2178,2643,16,-73,0,0,0x01
2027-03-14T02:38:00Z,29270,1,8047,8057,2151,2616,15,-77,0,0,0x01
2027-03-14T02:39:00Z,29870,1,8026,8042,2135,2592,16,-87,0,0,0x01
2027-03-14T02:40:00Z,30470,1,8013,8027,2119,2593,12,-119,0,0,0x01
2027-03-14T02:41:00Z,31070,1,8001,8013,2109,2572,16,-119,0,0,0x01
2027-03-14T02:42:00Z,31670,1,7989,7999,2078,2537,15,-119,0,0,0x01
2027-03-14T02:43:00Z,32270,1,7970,7985,2058,2515,13,-118,0,0,0x01
2027-03-14T02:44:00Z,32870,1,7958,7972,2033,2492,13,-118,0,0,0x01
2027-03-14T02:45:00Z,33470,1,7944,7958,2007,2484,14,-119,0,0,0x01
2027-03-14T02:46:00Z,34070,1,7930,7945,1996,2456,15,-119,0,0,0x01
2027-03-14T02:47:00Z,34670,1,7921,7933,1976,2448,14,-119,0,0,0x01
2027-03-14T02:48:00Z,35270,1,7905,7920,1955,2424,14,-119,0,0,0x01
2027-03-14T02:49:00Z,35871,1,7894,7907,1944,2404,13,-119,0,0,0x01
2027-03-14T02:50:00Z,36471,1,7882,7895,1919,2376,12,-119,0,0,0x01
2027-03-14T02:51:00Z,37071,1,7870,7883,1907,2373,10,-120,0,0,0x01
2027-03-14T02:52:00Z,37671,1,7855,7870,1880,2342,13,-118,0,0,0x01
2027-03-14T02:53:00Z,38271,1,7847,7858,1849,2314,15,-119,0,0,0x01
2027-03-14T02:54:00Z,38871,1,7839,7847,1839,2300,15,-120,0,0,0x01
2027-03-14T02:55:00Z,39471,1,7823,7834,1815,2292,14,-120,0,0,0x01
2027-03-14T02:56:00Z,40071,1,7813,7823,1797,2268,15,-119,0,0,0x01
2027-03-14T02:57:00Z,40671,1,7802,7811,1780,2247,13,-119,0,0,0x01
2027-03-14T02:58:00Z,41271,1,7788,7799,1761,2229,17,-119,0,0,0x01
2027-03-14T02:59:00Z,41871,1,7777,7788,1744,2211,12,-121,0,0,0x01
2027-03-14T03:00:00Z,42471,1,7765,7777,1717,2195,16,-117,0,0,0x01
2027-03-14T03:01:00Z,43071,1,7754,7765,1699,2162,13,-119,0,0,0x01
2027-03-14T03:02:00Z,43671,1,7742,7753,1684,2140,13,-119,0,0,0x01
2027-03-14T03:03:00Z,44271,1,7732,7743,1658,2131,14,-120,0,0,0x01
2027-03-14T03:04:00Z,44871,1,7718,7731,1632,2098,15,-120,0,0,0x01
2027-03-14T03:05:00Z,45471,1,7708,7720,1625,2092,12,-118,0,0,0x01
2027-03-14T03:06:00Z,46071,1,7696,7709,1596,2066,17,-119,0,0,0x01
2027-03-14T03:07:00Z,46671,1,7687,7697,1575,2051,18,-119,0,0,0x01
2027-03-14T03:08:00Z,47271,1,7674,7687,1563,2032,13,-120,0,0,0x01
2027-03-14T03:09:00Z,47871,1,7666,7676,1530,2006,16,-120,0,0,0x01
2027-03-14T03:10:00Z,48471,1,7695,7709,1588,2036,16,-118,0,0,0x01
2027-03-14T03:11:00Z,49071,1,7721,7731,1641,2113,15,-118,0,0,0x01
2027-03-14T03:12:00Z,49671,1,7737,7749,1711,2181,13,-118,0,0,0x01
2027-03-14T03:13:00Z,50271,0,7756,7767,1760,2211,12,-119,0,0,0x00
2027-03-14T03:14:00Z,50871,0,7772,7785,1822,2289,16,-120,0,0,0x00
2027-03-14T03:15:00Z,51472,0,7789,7800,1880,2341,17,-120,0,0,0x00
2027-03-14T03:16:00Z,52072,0,7802,7816,1939,2401,14,-120,0,0,0x00
2027-03-14T03:17:00Z,52672,0,7820,7832,1992,2449,11,-119,0,0,0x00
2027-03-14T03:18:00Z,53272,0,7834,7845,2053,2512,12,-119,0,0,0x00
2027-03-14T03:19:00Z,53872,0,7848,7859,2121,2583,15,-118,0,0,0x00
2027-03-14T03:20:00Z,54472,0,7863,7871,2166,2634,18,-84,0,0,0x00
2027-03-14T03:21:00Z,55072,0,7873,7883,2220,2675,12,-79,0,0,0x00
2027-03-14T03:22:00Z,55672,0,7879,7895,2264,2730,14,-73,0,0,0x00
2027-03-14T03:23:00Z,56272,1,7894,7906,2317,2768,14,-66,0,0,0x01
2027-03-14T03:24:00Z,56872,1,7906,7916,2359,2857,14,-64,0,0,0x01
2027-03-14T03:25:00Z,57472,1,7916,7926,2412,2876,13,-63,0,0,0x01
2027-03-14T03:26:00Z,58072,1,7921,7936,2449,2910,14,-66,0,0,0x01
2027-03-14T03:27:00Z,58672,1,7936,7944,2485,2955,15,-71,0,0,0x01
2027-03-14T03:28:00Z,59272,1,7942,7953,2514,2987,15,-78,0,0,0x01
2027-03-14T03:29:00Z,59872,1,7951,7961,2566,3024,13,-86,0,0,0x01
2027-03-14T03:30:00Z,60472,1,7960,7969,2580,3048,16,-119,0,0,0x01
2027-03-14T03:31:00Z,61072,1,7966,7976,2612,3073,15,-119,0,0,0x01
2027-03-14T03:32:00Z,61672,1,7975,7984,2635,3101,14,-119,0,0,0x01
2027-03-14T03:33:00Z,62272,1,7983,7990,2653,3115,15,-119,0,0,0x01
2027-03-14T03:34:00Z,62872,1,7986,7997,2672,3136,13,-119,0,0,0x01
2027-03-14T03:35:00Z,63472,1,7992,8003,2689,3158,13,-119,0,0,0x01
2027-03-14T03:36:00Z,64072,1,7996,8008,2707,3176,14,-118,0,0,0x01
2027-03-14T03:37:00Z,64672,1,8002,8014,2710,3194,15,-119,0,0,0x01
2027-03-14T03:38:00Z,65272,1,8009,8018,2713,3191,14,-119,0,0,0x01
2027-03-14T03:39:00Z,336,1,8016,8024,2720,3187,12,-118,0,0,0x01
2027-03-14T03:40:00Z,937,1,8020,8029,2729,3195,11,-119,0,0,0x01
2027-03-14T03:41:00Z,1537,1,8024,8033,2725,3193,15,-118,0,0,0x01
2027-03-14T03:42:00Z,2137,1,8028,8038,2714,3196,13,-119,0,0,0x01
2027-03-14T03:43:00Z,2737,1,8033,8041,2709,3191,16,-119,0,0,0x01
2027-03-14T03:44:00Z,3337,1,8036,8045,2692,3153,12,-119,0,0,0x01
2027-03-14T03:45:00Z,3937,1,8041,8048,2678,3143,17,-119,0,0,0x01
2027-03-14T03:46:00Z,4537,1,8043,8052,2659,3121,15,-118,0,0,0x01
2027-03-14T03:47:00Z,5137,1,8046,8056,2636,3096,13,-118,0,0,0x01
2027-03-14T03:48:00Z,5737,1,8052,8060,2614,3094,14,-121,0,0,0x01
2027-03-14T03:49:00Z,6337,1,8054,8062,2588,3055,13,-120,0,0,0x01
2027-03-14T03:50:00Z,6937,1,8056,8064,2555,3011,17,-121,0,0,0x01
2027-03-14T03:51:00Z,7537,1,8060,8068,2514,3007,15,-119,0,0,0x01
2027-03-14T03:52:00Z,8137,1,8059,8069,2487,2951,17,-119,0,0,0x01
2027-03-14T03:53:00Z,8737,1,8061,8072,2448,2904,14,-118,0,0,0x01
2027-03-14T03:54:00Z,9337,1,8065,8075,2400,2884,13,-119,0,0,0x01
2027-03-14T03:55:00Z,9937,1,8070,8076,2368,2823,12,-120,0,0,0x01
2027-03-14T03:56:00Z,10537,1,8070,8079,2323,2795,12,-120,0,0,0x01
2027-03-14T03:57:00Z,11137,1,8070,8082,2261,2723,14,-119,0,0,0x01
2027-03-14T03:58:00Z,11737,1,8075,8084,2213,2686,16,-118,0,0,0x01
2027-03-14T03:59:00Z,12337,1,8075,8085,2168,2637,15,-119,0,0,0x01
2027-03-14T04:00:00Z,12937,1,8078,8087,2114,2585,15,-118,0,0,0x01
2027-03-14T04:01:00Z,13537,1,8077,8088,2072,2525,17,-118,0,0,0x01
2027-03-14T04:02:00Z,14137,1,8077,8090,1996,2462,14,-120,0,0,0x01
2027-03-14T04:03:00Z,14737,1,8080,8091,1945,2406,13,-118,0,0,0x01
2027-03-14T04:04:00Z,15337,1,8081,8092,1882,2328,18,-119,0,0,0x01
2027-03-14T04:05:00Z,15937,1,8084,8093,1826,2282,16,-118,0,0,0x01
2027-03-14T04:06:00Z,16538,1,8083,8095,1754,2225,15,-117,0,0,0x01
2027-03-14T04:07:00Z,17138,1,8088,8096,1700,2165,14,-119,0,0,0x01
2027-03-14T04:08:00Z,17738,1,8091,8098,1630,2090,12,-119,0,0,0x01
2027-03-14T04:09:00Z,18338,1,8090,8098,1580,2049,17,-118,0,0,0x01
2027-03-14T04:10:00Z,18938,1,8091,8108,2212,2681,16,-87,0,0,0x01
2027-03-14T04:11:00Z,19538,1,8077,8089,2200,2668,15,-79,0,0,0x01
2027-03-14T04:12:00Z,20138,1,8059,8071,2176,2632,14,-73,0,0,0x01
2027-03-14T04:13:00Z,20738,1,8044,8057,2158,2642,15,-67,0,0,0x01
2027-03-14T04:14:00Z,21338,1,8027,8041,2127,2611,18,-65,0,0,0x01
2027-03-14T04:15:00Z,21938,1,8015,8027,2116,2585,18,-64,0,0,0x01
2027-03-14T04:16:00Z,22538,1,8002,8012,2100,2565,13,-66,0,0,0x01
2027-03-14T04:17:00Z,23138,1,7987,7999,2075,2549,13,-71,0,0,0x01
2027-03-14T04:18:00Z,23738,1,7974,7985,2057,2520,14,-78,0,0,0x01
2027-03-14T04:19:00Z,24338,1,7960,7970,2038,2506,14,-87,0,0,0x01
2027-03-14T04:20:00Z,24938,1,7944,7958,2022,2496,16,-120,0,0,0x01
2027-03-14T04:21:00Z,25538,1,7934,7945,1995,2462,13,-119,0,0,0x01
2027-03-14T04:22:00Z,26138,1,7924,7933,1981,2439,15,-119,1,0,0x00
2027-03-14T04:23:00Z,26738,1,7907,7920,1966,2422,13,-120,0,0,0x01
2027-03-14T04:24:00Z,27338,1,7898,7907,1939,2396,14,-120,0,0,0x01
2027-03-14T04:25:00Z,27938,1,7883,7894,1914,2375,14,-119,0,0,0x01
2027-03-14T04:26:00Z,28538,1,7872,7883,1903,2365,12,-119,0,0,0x01
2027-03-14T04:27:00Z,29138,1,7862,7871,1882,2357,12,-119,0,0,0x01
2027-03-14T04:28:00Z,29738,1,7846,7858,1858,2325,13,-118,0,0,0x01
2027-03-14T04:29:00Z,30338,1,7836,7846,1833,2306,12,-121,0,0,0x01
2027-03-14T04:30:00Z,30938,1,7825,7835,1813,2278,12,-119,0,0,0x01
2027-03-14T04:31:00Z,31538,1,7810,7823,1802,2264,15,-119,0,0,0x01
2027-03-14T04:32:00Z,32139,1,7797,7811,1781,2239,13,-118,0,0,0x01
2027-03-14T04:33:00Z,32739,1,7787,7800,1751,2230,15,-120,0,0,0x01
2027-03-14T04:34:00Z,33339,1,7776,7788,1733,2194,12,-120,0,0,0x01
2027-03-14T04:35:00Z,33939,1,7762,7777,1713,2181,18,-119,0,0,0x01
2027-03-14T04:36:00Z,34539,1,7754,7766,1696,2176,14,-119,0,0,0x01
2027-03-14T04:37:00Z,35139,1,7738,7753,1682,2145,14,-117,0,0,0x01
2027-03-14T04:38:00Z,35739,1,7731,7742,1655,2127,14,-120,0,0,0x01
2027-03-14T04:39:00Z,36339,1,7719,7731,1638,2118,15,-120,0,0,0x01
2027-03-14T04:40:00Z,36939,1,7705,7720,1613,2084,16,-118,0,0,0x01
2027-03-14T04:41:00Z,37539,1,7696,7709,1598,2058,17,-118,0,0,0x01
2027-03-14T04:42:00Z,38139,1,7686,7699,1573,2046,20,-118,0,0,0x01
2027-03-14T04:43:00Z,38739,1,7678,7687,1558,2028,13,-120,0,0,0x01
2027-03-14T04:44:00Z,39339,1,7663,7675,1530,2011,17,-118,0,0,0x01
2027-03-14T04:45:00Z,39939,1,7690,7711,1567,2031,14,-120,0,0,0x01
2027-03-14T04:46:00Z,40539,1,7712,7729,1623,2110,13,-118,0,0,0x01
2027-03-14T04:47:00Z,41139,1,7735,7748,1696,2168,12,-119,0,0,0x01
2027-03-14T04:48:00Z,41739,1,7752,7767,1756,2224,14,-120,0,0,0x01
2027-03-14T04:49:00Z,42339,1,7772,7785,1816,2287,19,-119,0,0,0x01
2027-03-14T04:50:00Z,42939,1,7790,7801,1879,2369,15,-120,0,0,0x01
2027-03-14T04:51:00Z,43539,1,7802,7816,1940,2406,14,-120,0,0,0x01
2027-03-14T04:52:00Z,44139,1,7812,7831,2000,2468,14,-120,0,0,0x01
2027-03-14T04:53:00Z,44739,1,7836,7846,2046,2513,18,-118,0,0,0x01
2027-03-14T04:54:00Z,45339,1,7844,7858,2114,2572,15,-120,0,0,0x01
2027-03-14T04:55:00Z,45939,1,7859,7871,2167,2619,14,-118,0,0,0x01
2027-03-14T04:56:00Z,46539,1,7871,7884,2222,2681,11,-121,0,0,0x01
2027-03-14T04:57:00Z,47139,1,7884,7894,2268,2722,13,-119,0,0,0x01
2027-03-14T04:58:00Z,47740,1,7893,7906,2315,2778,15,-119,0,0,0x01
2027-03-14T04:59:00Z,48340,1,7900,7916,2349,2819,13,-119,0,0,0x01
2027-03-14T05:00:00Z,48940,1,7914,7927,2399,2876,13,-86,0,0,0x01
2027-03-14T05:01:00Z,49540,2,7926,7936,2448,3232,15,-79,0,0,0x01
2027-03-14T05:02:00Z,50140,2,7933,7945,2495,3292,14,-72,0,0,0x01
2027-03-14T05:03:00Z,50740,2,7944,7953,2521,3317,13,-67,0,0,0x01
2027-03-14T05:04:00Z,51340,2,7951,7961,2550,3322,18,-64,0,0,0x01
2027-03-14T05:05:00Z,51940,2,7958,7969,2588,3364,14,-64,0,0,0x01
2027-03-14T05:06:00Z,52540,2,7967,7977,2612,3395,11,-66,0,0,0x01
2027-03-14T05:07:00Z,53140,2,7974,7983,2639,3412,16,-71,0,0,0x01
2027-03-14T05:08:00Z,53740,2,7978,7990,2654,3444,12,-79,0,0,0x01
2027-03-14T05:09:00Z,54340,2,7986,7996,2682,3462,12,-86,0,0,0x01
2027-03-14T05:10:00Z,54940,2,7993,8002,2694,3493,12,-118,0,0,0x01
2027-03-14T05:11:00Z,55540,2,7996,8009,2706,3497,18,-119,0,0,0x01
2027-03-14T05:12:00Z,56140,2,8006,8014,2714,3508,15,-119,0,0,0x01
2027-03-14T05:13:00Z,56740,2,8005,8018,2716,3504,15,-120,0,0,0x01
2027-03-14T05:14:00Z,57340,2,8012,8024,2721,3518,12,-119,0,0,0x01
2027-03-14T05:15:00Z,57940,2,8019,8028,2724,3514,14,-119,0,0,0x01
2027-03-14T05:16:00Z,58540,2,8024,8034,2715,3518,13,-120,0,0,0x01
2027-03-14T05:17:00Z,59140,2,8030,8037,2713,3505,17,-119,0,0,0x01
2027-03-14T05:18:00Z,59740,2,8033,8041,2702,3485,16,-119,0,0,0x01
2027-03-14T05:19:00Z,60340,2,8030,8045,2693,3466,14,-120,0,0,0x01
2027-03-14T05:20:00Z,60940,2,8042,8049,2672,3449,15,-120,0,0,0x01
2027-03-14T05:21:00Z,61540,1,8041,8052,2659,3451,15,-119,0,0,0x01
2027-03-14T05:22:00Z,62140,1,8044,8055,2647,3103,15,-120,0,0,0x01
2027-03-14T05:23:00Z,62740,1,8048,8058,2604,3090,15,-119,0,0,0x01
2027-03-14T05:24:00Z,63341,1,8053,8062,2590,3044,12,-119,0,0,0x01
2027-03-14T05:25:00Z,63941,1,8057,8065,2552,3018,13,-119,0,0,0x01
2027-03-14T05:26:00Z,64541,1,8057,8067,2522,2975,17,-120,0,0,0x01
2027-03-14T05:27:00Z,65141,1,8061,8069,2490,2959,16,-118,0,0,0x01
2027-03-14T05:28:00Z,205,1,8063,8073,2442,2907,12,-118,0,0,0x01
2027-03-14T05:29:00Z,805,1,8067,8075,2415,2861,14,-117,0,0,0x01
2027-03-14T05:30:00Z,1405,1,8068,8076,2363,2822,15,-120,0,0,0x01
2027-03-14T05:31:00Z,2005,1,8068,8079,2306,2774,14,-118,0,0,0x01
2027-03-14T05:32:00Z,2605,1,8069,8081,2269,2762,13,-119,0,0,0x01
2027-03-14T05:33:00Z,3205,1,8074,8083,2222,2686,12,-119,0,0,0x01
2027-03-14T05:34:00Z,3805,1,8077,8084,2168,2629,18,-120,0,0,0x01
2027-03-14T05:35:00Z,4405,1,8076,8087,2117,2577,16,-118,0,0,0x01
2027-03-14T05:36:00Z,5005,1,8080,8088,2060,2517,12,-120,0,0,0x01
2027-03-14T05:37:00Z,5605,1,8083,8090,2015,2479,12,-118,0,0,0x01
2027-03-14T05:38:00Z,6205,1,8082,8091,1941,2402,17,-118,0,0,0x01
2027-03-14T05:39:00Z,6805,1,8084,8093,1878,2329,13,-121,0,0,0x01
2027-03-14T05:40:00Z,7405,1,8082,8094,1825,2300,14,-119,0,0,0x01
2027-03-14T05:41:00Z,8005,1,8088,8095,1757,2227,12,-118,0,0,0x01
2027-03-14T05:42:00Z,8605,1,8083,8096,1699,2182,12,-119,0,0,0x01
2027-03-14T05:43:00Z,9205,1,8089,8098,1630,2089,15,-118,0,0,0x01
2027-03-14T05:44:00Z,9805,1,8091,8099,1574,2030,18,-119,0,0,0x01
2027-03-14T05:45:00Z,10405,1,8095,8108,2224,2691,12,-120,0,0,0x01
2027-03-14T05:46:00Z,11005,1,8074,8089,2187,2661,15,-120,0,0,0x01
2027-03-14T05:47:00Z,11605,1,8058,8073,2170,2650,12,-119,0,0,0x01
2027-03-14T05:48:00Z,12205,1,8044,8056,2153,2626,14,-118,0,0,0x01
2027-03-14T05:49:00Z,12805,1,8029,8041,2140,2609,17,-119,0,0,0x01
2027-03-14T05:50:00Z,13406,1,8014,8027,2116,2593,15,-85,0,0,0x01
2027-03-14T05:51:00Z,14006,1,7996,8012,2098,2574,15,-79,0,0,0x01
2027-03-14T05:52:00Z,14606,1,7990,7999,2078,2553,15,-71,0,0,0x01
2027-03-14T05:53:00Z,15206,1,7975,7985,2050,2517,13,-66,0,0,0x01
2027-03-14T05:54:00Z,15806,1,7960,7972,2033,2503,13,-64,0,0,0x01
2027-03-14T05:55:00Z,16406,1,7948,7959,2017,2487,13,-63,0,0,0x01
2027-03-14T05:56:00Z,17006,1,7931,7945,1989,2462,12,-68,0,0,0x01
2027-03-14T05:57:00Z,17606,1,7920,7932,1974,2438,13,-72,0,0,0x01
2027-03-14T05:58:00Z,18206,1,7909,7920,1948,2414,16,-80,0,0,0x01
2027-03-14T05:59:00Z,18806,1,7891,7907,1936,2398,15,-86,0,0,0x01
2027-03-14T06:00:00Z,19406,1,7883,7895,1923,2380,12,-119,0,0,0x01
2027-03-14T06:01:00Z,20006,1,7872,7883,1900,2361,15,-119,0,0,0x01
2027-03-14T06:02:00Z,20606,1,7857,7870,1880,2354,17,-118,0,0,0x01
2027-03-14T06:03:00Z,21206,1,7849,7859,1854,2314,12,-119,0,0,0x01
2027-03-14T06:04:00Z,21806,1,7832,7847,1831,2307,13,-119,0,0,0x01
2027-03-14T06:05:00Z,22406,1,7824,7835,1810,2277,13,-118,0,0,0x01
2027-03-14T06:06:00Z,23006,1,7814,7822,1796,2259,13,-119,0,0,0x01
2027-03-14T06:07:00Z,23606,1,7802,7811,1777,2244,14,-121,0,0,0x01
2027-03-14T06:08:00Z,24206,1,7790,7800,1753,2217,13,-120,0,0,0x01
2027-03-14T06:09:00Z,24806,1,7779,7788,1740,2205,16,-119,0,0,0x01
2027-03-14T06:10:00Z,25406,1,7766,7777,1717,2178,14,-118,0,0,0x01
2027-03-14T06:11:00Z,26006,1,7752,7766,1691,2153,15,-119,0,0,0x01
2027-03-14T06:12:00Z,26606,1,7739,7753,1669,2130,13,-121,0,0,0x01
2027-03-14T06:13:00Z,27206,1,7730,7743,1664,2122,14,-119,0,0,0x01
2027-03-14T06:14:00Z,27806,1,7717,7731,1638,2111,16,-119,0,0,0x01
2027-03-14T06:15:00Z,28406,1,7708,7720,1615,2088,14,-120,0,0,0x01
2027-03-14T06:16:00Z,29007,1,7697,7708,1594,2065,13,-118,0,0,0x01
2027-03-14T06:17:00Z,29607,1,7684,7697,1588,2043,17,-119,0,0,0x01
2027-03-14T06:18:00Z,30207,1,7676,7687,1555,2013,13,-119,0,0,0x01
2027-03-14T06:19:00Z,30807,1,7663,7675,1529,2010,12,-119,0,0,0x01
2027-03-14T06:20:00Z,31407,1,7697,7710,1567,2042,12,-119,0,0,0x01
2027-03-14T06:21:00Z,32007,1,7717,7730,1642,2104,13,-119,0,0,0x01
2027-03-14T06:22:00Z,32607,1,7737,7750,1699,2162,14,-119,0,0,0x01
2027-03-14T06:23:00Z,33207,1,7753,7767,1768,2224,14,-118,0,0,0x01
2027-03-14T06:24:00Z,33807,1,7770,7784,1824,2288,17,-119,0,0,0x01
2027-03-14T06:25:00Z,34407,1,7786,7801,1873,2351,14,-119,0,0,0x01
2027-03-14T06:26:00Z,35007,1,7808,7817,1935,2412,14,-119,0,0,0x01
2027-03-14T06:27:00Z,35607,1,7819,7832,2000,2462,14,-119,0,0,0x01
2027-03-14T06:28:00Z,36207,1,7831,7845,2065,2526,12,-119,0,0,0x01
2027-03-14T06:29:00Z,36807,1,7842,7859,2104,2597,15,-118,0,0,0x01
2027-03-14T06:30:00Z,37407,1,7862,7871,2166,2621,12,-118,0,0,0x01
2027-03-14T06:31:00Z,38007,1,7875,7884,2219,2672,12,-118,0,0,0x01
2027-03-14T06:32:00Z,38607,1,7884,7895,2268,2744,14,-121,0,0,0x01
2027-03-14T06:33:00Z,39207,1,7897,7906,2322,2778,12,-119,0,0,0x01
2027-03-14T06:34:00Z,39807,1,7906,7916,2357,2824,13,-118,0,0,0x01
2027-03-14T06:35:00Z,40407,1,7916,7927,2408,2879,16,-119,0,0,0x01
2027-03-14T06:36:00Z,41007,1,7926,7936,2448,2907,15,-119,0,0,0x01
2027-03-14T06:37:00Z,41607,1,7933,7946,2493,2959,15,-119,0,0,0x01
2027-03-14T06:38:00Z,42207,1,7942,7953,2519,3000,18,-119,0,0,0x01
2027-03-14T06:39:00Z,42807,1,7952,7961,2555,3021,13,-119,0,0,0x01
2027-03-14T06:40:00Z,43407,1,7959,7970,2981,3039,12,-87,0,0,0x01
2027-03-14T06:41:00Z,44007,1,7966,7976,3004,3077,13,-79,0,0,0x01
2027-03-14T06:42:00Z,44608,1,7973,7984,3033,3102,14,-72,0,0,0x01
2027-03-14T06:43:00Z,45208,1,7980,7991,3049,3118,14,-67,0,0,0x01
2027-03-14T06:44:00Z,45808,1,7988,7997,3081,3148,16,-62,0,0,0x01
2027-03-14T06:45:00Z,46408,1,7993,8003,3101,3158,17,-64,0,0,0x01
2027-03-14T06:46:00Z,47008,1,8001,8009,3105,3160,13,-67,0,0,0x01
2027-03-14T06:47:00Z,47608,1,8003,8013,3110,3192,15,-71,0,0,0x01
2027-03-14T06:48:00Z,48208,1,8007,8019,3122,3195,14,-79,0,0,0x01
2027-03-14T06:49:00Z,48808,1,8014,8023,3126,3199,16,-87,0,0,0x01
2027-03-14T06:50:00Z,49408,1,8016,8028,3117,3202,16,-119,0,0,0x01
2027-03-14T06:51:00Z,50008,1,8024,8033,3114,3180,13,-119,0,0,0x01
2027-03-14T06:52:00Z,50608,1,8027,8037,3110,3169,13,-121,0,0,0x01
2027-03-14T06:53:00Z,51208,1,8032,8041,3099,3159,14,-118,0,0,0x01
2027-03-14T06:54:00Z,51808,1,8034,8044,3083,3173,12,-119,0,0,0x01
2027-03-14T06:55:00Z,52408,1,8037,8048,3080,3144,16,-118,0,0,0x01
2027-03-14T06:56:00Z,53008,1,8041,8053,2658,3130,13,-119,0,0,0x01
2027-03-14T06:57:00Z,53608,1,8044,8056,2640,3097,13,-119,0,0,0x01
2027-03-14T06:58:00Z,54208,1,8053,8059,2619,3089,14,-119,0,0,0x01
2027-03-14T06:59:00Z,54808,1,8053,8062,2589,3067,12,-118,0,0,0x01
2027-03-14T07:00:00Z,55408,1,8055,8064,2550,3018,15,-121,0,0,0x01
2027-03-14T07:01:00Z,56008,1,8060,8067,2521,2976,12,-119,0,0,0x01
2027-03-14T07:02:00Z,56608,1,8061,8071,2487,2953,17,-120,0,0,0x01
2027-03-14T07:03:00Z,57208,1,8061,8072,2444,2905,16,-119,0,0,0x01
2027-03-14T07:04:00Z,57808,1,8067,8074,2428,2870,18,-121,0,0,0x01
2027-03-14T07:05:00Z,58408,1,8072,8078,2363,2825,16,-119,0,0,0x01
2027-03-14T07:06:00Z,59008,1,8071,8080,2311,2788,17,-122,0,0,0x01
2027-03-14T07:07:00Z,59609,1,8074,8082,2268,2729,14,-119,0,0,0x01
2027-03-14T07:08:00Z,60209,1,8074,8083,2217,2676,13,-118,0,0,0x01
2027-03-14T07:09:00Z,60809,1,8075,8084,2167,2628,12,-118,0,0,0x01
2027-03-14T07:10:00Z,61409,1,8075,8087,2110,2587,16,-118,0,0,0x01
2027-03-14T07:11:00Z,62009,1,8080,8088,2052,2507,13,-118,0,0,0x01
2027-03-14T07:12:00Z,62609,1,8082,8089,1997,2457,17,-120,0,0,0x01
2027-03-14T07:13:00Z,63209,1,8078,8090,1940,2403,13,-121,0,0,0x01
2027-03-14T07:14:00Z,63809,1,8082,8091,1884,2347,12,-119,0,0,0x01
2027-03-14T07:15:00Z,64409,1,8086,8094,1820,2274,14,-119,0,0,0x01
2027-03-14T07:16:00Z,65009,1,8085,8095,1765,2238,14,-119,0,0,0x01
2027-03-14T07:17:00Z,73,1,8085,8096,1701,2156,17,-118,0,0,0x01
2027-03-14T07:18:00Z,673,1,8089,8097,1636,2103,14,-120,0,0,0x01
2027-03-14T07:19:00Z,1273,1,8089,8099,1579,2040,18,-118,0,0,0x01
2027-03-14T07:20:00Z,1873,1,8092,8108,2213,2665,15,-119,0,0,0x01
2027-03-14T07:21:00Z,2473,1,8076,8089,2207,2676,16,-119,0,0,0x01
2027-03-14T07:22:00Z,3073,1,8059,8073,2181,2654,11,-119,0,0,0x01
2027-03-14T07:23:00Z,3673,1,8044,8055,2161,2628,15,-118,0,0,0x01
2027-03-14T07:24:00Z,4273,1,8029,8041,2144,2608,14,-118,0,0,0x01
2027-03-14T07:25:00Z,4873,1,8012,8027,2114,2577,17,-118,0,0,0x01
2027-03-14T07:26:00Z,5473,1,7995,8013,2094,2576,12,-118,0,0,0x01
2027-03-14T07:27:00Z,6073,1,7985,7998,2093,2562,14,-120,0,0,0x01
2027-03-14T07:28:00Z,6673,1,7973,7985,2054,2520,14,-121,0,0,0x01
2027-03-14T07:29:00Z,7273,1,7960,7971,2040,2509,15,-120,0,0,0x01
2027-03-14T07:30:00Z,7873,1,7798,7891,2014,2469,15,-87,0,0,0x01
2027-03-14T07:31:00Z,8473,1,7778,7794,1995,2464,18,-80,0,0,0x01
2027-03-14T07:32:00Z,9073,1,7769,7783,1982,2445,14,-73,0,0,0x01
2027-03-14T07:33:00Z,9674,1,7760,7771,1959,2425,14,-67,0,0,0x01
2027-03-14T07:34:00Z,10274,1,7746,7758,1941,2399,14,-64,0,0,0x01
2027-03-14T07:35:00Z,10874,1,7729,7744,1914,2388,13,-63,0,0,0x01
2027-03-14T07:36:00Z,11474,1,7717,7733,1898,2345,16,-67,0,0,0x01
2027-03-14T07:37:00Z,12074,1,7708,7720,1871,2346,15,-72,0,0,0x01
2027-03-14T07:38:00Z,12674,1,7694,7708,1858,2342,13,-78,0,0,0x01
2027-03-14T07:39:00Z,13274,1,7684,7697,1833,2294,15,-86,0,0,0x01
2027-03-14T07:40:00Z,13874,1,7673,7684,1819,2283,15,-120,0,0,0x01
2027-03-14T07:41:00Z,14474,1,7661,7673,1790,2255,14,-119,0,0,0x01
2027-03-14T07:42:00Z,15074,1,7652,7661,1783,2245,14,-119,0,0,0x01
2027-03-14T07:43:00Z,15674,1,7638,7649,1754,2216,15,-122,0,0,0x01
2027-03-14T07:44:00Z,16274,1,7626,7638,1747,2206,13,-118,0,0,0x01
2027-03-14T07:45:00Z,16874,1,7614,7627,1717,2201,16,-119,0,0,0x01
2027-03-14T07:46:00Z,17474,1,7603,7615,1697,2161,15,-118,0,0,0x01
2027-03-14T07:47:00Z,18074,1,7591,7603,1676,2149,13,-118,0,0,0x01
2027-03-14T07:48:00Z,18674,1,7581,7592,1654,2127,13,-120,0,0,0x01
2027-03-14T07:49:00Z,19274,1,7565,7581,1634,2089,16,-120,0,0,0x01
2027-03-14T07:50:00Z,19874,1,7558,7570,1614,2079,13,-118,0,0,0x01
2027-03-14T07:51:00Z,20474,1,7547,7558,1595,2058,13,-120,0,0,0x01
2027-03-14T07:52:00Z,21074,1,7537,7547,1573,2055,16,-120,0,0,0x01
2027-03-14T07:53:00Z,21674,1,7526,7536,1553,2007,15,-119,0,0,0x01
2027-03-14T07:54:00Z,22274,1,7510,7525,1540,2013,13,-119,0,0,0x01
2027-03-14T07:55:00Z,22874,1,7543,7560,1567,2023,12,-120,0,0,0x01
2027-03-14T07:56:00Z,23474,1,7565,7581,1639,2107,13,-118,0,0,0x01
2027-03-14T07:57:00Z,24074,1,7586,7600,1699,2167,13,-119,0,0,0x01
2027-03-14T07:58:00Z,24674,1,7603,7617,1769,2217,14,-119,0,0,0x01
2027-03-14T07:59:00Z,25275,1,7622,7635,1816,2270,15,-118,0,0,0x01
2027-03-14T08:00:00Z,25875,1,7635,7650,1874,2362,14,-120,0,0,0x01
2027-03-14T08:01:00Z,26475,1,7652,7666,1941,2401,10,-121,0,0,0x01
2027-03-14T08:02:00Z,27075,1,7669,7681,2007,2472,15,-119,0,0,0x01
2027-03-14T08:03:00Z,27675,1,7680,7695,2061,2537,13,-120,0,0,0x01
2027-03-14T08:04:00Z,28275,1,7698,7708,2114,2577,14,-119,0,0,0x01
2027-03-14T08:05:00Z,28875,1,7712,7721,2154,2631,12,-120,0,0,0x01
2027-03-14T08:06:00Z,29475,1,7722,7734,2207,2688,16,-119,0,0,0x01
2027-03-14T08:07:00Z,30075,1,7735,7745,2260,2742,16,-119,0,0,0x01
2027-03-14T08:08:00Z,30675,1,7743,7755,2309,2777,14,-118,0,0,0x01
2027-03-14T08:09:00Z,31275,1,7755,7766,2356,2820,15,-120,0,0,0x01
2027-03-14T08:10:00Z,31875,1,7766,7777,2411,2882,16,-119,0,0,0x01
2027-03-14T08:11:00Z,32475,1,7774,7786,2455,2922,21,-119,0,0,0x01
2027-03-14T08:12:00Z,33075,1,7783,7795,2483,2968,12,-119,0,0,0x01
2027-03-14T08:13:00Z,33675,1,7793,7804,2516,2987,14,-118,0,0,0x01
2027-03-14T08:14:00Z,34275,1,7800,7811,2554,3015,14,-119,0,0,0x01
2027-03-14T08:15:00Z,34875,1,7809,7819,2581,3069,13,-119,0,0,0x01
2027-03-14T08:16:00Z,35475,1,7812,7826,2611,3091,14,-119,0,0,0x01
2027-03-14T08:17:00Z,36075,1,7824,7834,2635,3104,13,-119,0,0,0x01
2027-03-14T08:18:00Z,36675,1,7828,7841,2654,3138,12,-118,0,0,0x01
2027-03-14T08:19:00Z,37275,1,7836,7846,2669,3134,16,-121,0,0,0x01
2027-03-14T08:20:00Z,37875,1,7843,7853,2691,3153,15,-86,0,0,0x01
2027-03-14T08:21:00Z,38475,1,7846,7857,2702,3167,13,-81,0,0,0x01
2027-03-14T08:22:00Z,39075,1,7855,7865,2716,3182,16,-72,0,0,0x01
2027-03-14T08:23:00Z,39675,1,7862,7869,2718,3172,13,-67,0,0,0x01
2027-03-14T08:24:00Z,40275,1,7863,7873,2728,3188,14,-63,0,0,0x01
2027-03-14T08:25:00Z,40876,1,7872,7879,2719,3187,15,-64,0,0,0x01
2027-03-14T08:26:00Z,41476,1,7876,7883,2720,3191,13,-67,0,0,0x01
2027-03-14T08:27:00Z,42076,1,7880,7888,2719,3204,12,-72,0,0,0x01
2027-03-14T08:28:00Z,42676,1,7882,7892,2701,3175,13,-78,0,0,0x01
2027-03-14T08:29:00Z,43276,1,7888,7895,2688,3154,15,-87,0,0,0x01
2027-03-14T08:30:00Z,43876,1,7887,7899,2677,3141,15,-119,0,0,0x01
2027-03-14T08:31:00Z,44476,1,7893,7902,2660,3130,15,-119,0,0,0x01
2027-03-14T08:32:00Z,45076,1,7896,7905,2639,3117,12,-118,0,0,0x01
2027-03-14T08:33:00Z,45676,1,7895,7908,2616,3069,15,-119,0,0,0x01
2027-03-14T08:34:00Z,46276,1,7900,7912,2587,3046,13,-119,0,0,0x01
2027-03-14T08:35:00Z,46876,1,7908,7916,2554,3022,16,-118,0,0,0x01
2027-03-14T08:36:00Z,47476,1,7908,7917,2513,2983,12,-121,0,0,0x01
2027-03-14T08:37:00Z,48076,1,7904,7920,2489,2949,14,-118,0,0,0x01
2027-03-14T08:38:00Z,48676,1,7913,7922,2448,2926,16,-120,0,0,0x01
2027-03-14T08:39:00Z,49276,1,7914,7925,2410,2868,16,-118,0,0,0x01
2027-03-14T08:40:00Z,49876,1,7918,7927,2367,2832,13,-119,0,0,0x01
2027-03-14T08:41:00Z,50476,1,7920,7929,2312,2778,15,-120,0,0,0x01
2027-03-14T08:42:00Z,51076,1,7922,7931,2261,2736,15,-118,0,0,0x01
2027-03-14T08:43:00Z,51676,1,7923,7932,2213,2689,12,-120,0,0,0x01
2027-03-14T08:44:00Z,52276,1,7926,7935,2166,2628,12,-118,0,0,0x01
2027-03-14T08:45:00Z,52876,1,7928,7937,2116,2585,13,-120,0,0,0x01
2027-03-14T08:46:00Z,53476,1,7930,7939,2063,2536,13,-119,0,0,0x01
2027-03-14T08:47:00Z,54076,1,7930,7938,1991,2461,15,-119,0,0,0x01
2027-03-14T08:48:00Z,54676,1,7931,7941,1944,2402,14,-118,0,0,0x01
2027-03-14T08:49:00Z,55276,1,7935,7944,1888,2360,13,-118,0,0,0x01
2027-03-14T08:50:00Z,55876,1,7930,7944,1818,2276,14,-120,0,0,0x01
2027-03-14T08:51:00Z,56477,1,7937,7946,1774,2230,13,-118,0,0,0x01
2027-03-14T08:52:00Z,57077,1,7938,7947,1695,2156,12,-120,0,0,0x01
2027-03-14T08:53:00Z,57677,1,7939,7947,1636,2088,12,-119,0,0,0x01
2027-03-14T08:54:00Z,58277,1,7938,7949,1581,2035,12,-121,0,0,0x01
2027-03-14T08:55:00Z,58877,1,7941,7959,2219,2692,14,-120,0,0,0x01
2027-03-14T08:56:00Z,59477,1,7929,7940,2198,2654,14,-120,0,0,0x01
2027-03-14T08:57:00Z,60077,1,7908,7922,2178,2636,19,-119,0,0,0x01
2027-03-14T08:58:00Z,60677,1,7894,7906,2158,2626,18,-120,0,0,0x01
2027-03-14T08:59:00Z,61277,1,7874,7891,2137,2595,12,-120,0,0,0x01
2027-03-14T09:00:00Z,61877,1,7868,7877,2119,2586,14,-118,0,0,0x01
2027-03-14T09:01:00Z,62477,1,7849,7862,2091,2554,14,-120,0,0,0x01
2027-03-14T09:02:00Z,63077,1,7837,7848,2077,2542,16,-119,0,0,0x01
2027-03-14T09:03:00Z,63677,1,7825,7833,2055,2523,15,-120,0,0,0x01
2027-03-14T09:04:00Z,64277,1,7811,7822,2047,2519,14,-119,0,0,0x01
2027-03-14T09:05:00Z,64877,1,7799,7809,2018,2500,13,-118,0,0,0x01
2027-03-14T09:06:00Z,65477,1,7783,7795,1997,2469,15,-121,0,0,0x01
2027-03-14T09:07:00Z,541,1,7769,7782,1973,2441,12,-118,0,0,0x01
2027-03-14T09:08:00Z,1141,1,7759,7770,1967,2421,17,-119,0,0,0x01
2027-03-14T09:09:00Z,1741,1,7746,7757,1940,2406,14,-118,0,0,0x01
2027-03-14T09:10:00Z,2341,0,7735,7745,1914,2383,13,-87,0,0,0x00
2027-03-14T09:11:00Z,2941,0,7722,7733,1898,2371,14,-79,0,0,0x00
2027-03-14T09:12:00Z,3541,0,7708,7720,1875,2344,13,-72,0,0,0x00
2027-03-14T09:13:00Z,4141,0,7692,7708,1864,2347,13,-68,0,0,0x00
2027-03-14T09:14:00Z,4741,0,7686,7696,1833,2307,13,-63,0,0,0x00
2027-03-14T09:15:00Z,5341,0,7672,7684,1816,2291,15,-63,0,0,0x00
2027-03-14T09:16:00Z,5941,0,7662,7674,1795,2262,13,-66,0,0,0x00
2027-03-14T09:17:00Z,6542,0,7646,7661,1783,2263,14,-71,0,0,0x00
2027-03-14T09:18:00Z,7142,0,7641,7650,1759,2236,13,-78,0,0,0x00
2027-03-14T09:19:00Z,7742,0,7626,7638,1739,2204,14,-86,0,0,0x00
2027-03-14T09:20:00Z,8342,1,7615,7626,1718,2194,15,-119,0,0,0x01
2027-03-14T09:21:00Z,8942,1,7602,7615,1700,2161,13,-118,0,0,0x01
2027-03-14T09:22:00Z,9542,1,7592,7603,1678,2140,13,-119,0,0,0x01
2027-03-14T09:23:00Z,10142,1,7582,7592,1663,2131,17,-119,0,0,0x01
2027-03-14T09:24:00Z,10742,1,7571,7581,1629,2118,15,-120,0,0,0x01
2027-03-14T09:25:00Z,11342,1,7561,7570,1619,2073,18,-118,0,0,0x01
2027-03-14T09:26:00Z,11942,1,7548,7559,1590,2054,14,-120,0,0,0x01
2027-03-14T09:27:00Z,12542,1,7538,7548,1572,2046,10,-119,0,0,0x01
2027-03-14T09:28:00Z,13142,1,7526,7537,1558,2032,13,-119,0,0,0x01
2027-03-14T09:29:00Z,13742,1,7513,7526,1533,2001,16,-118,0,0,0x01
2027-03-14T09:30:00Z,14342,1,7546,7561,1577,2039,17,-119,0,0,0x01
2027-03-14T09:31:00Z,14942,1,7568,7580,1642,2106,13,-119,0,0,0x01
2027-03-14T09:32:00Z,15542,1,7584,7599,1698,2162,11,-118,0,0,0x01
2027-03-14T09:33:00Z,16142,1,7601,7617,1755,2225,14,-119,0,0,0x01
2027-03-14T09:34:00Z,16742,1,7624,7635,1820,2288,15,-119,0,0,0x01
2027-03-14T09:35:00Z,17342,1,7640,7651,1883,2346,12,-120,0,0,0x01
2027-03-14T09:36:00Z,17942,1,7652,7666,1942,2397,14,-118,0,0,0x01
2027-03-14T09:37:00Z,18542,1,7667,7681,2003,2466,13,-119,0,0,0x01
2027-03-14T09:38:00Z,19142,1,7680,7694,2054,2514,14,-119,0,0,0x01
2027-03-14T09:39:00Z,19742,1,7693,7709,2119,2575,12,-120,0,0,0x01
2027-03-14T09:40:00Z,20342,1,7712,7722,2164,2637,12,-120,0,0,0x01
2027-03-14T09:41:00Z,20942,1,7719,7733,2225,2688,18,-120,0,0,0x01
2027-03-14T09:42:00Z,21542,1,7736,7745,2264,2726,12,-121,0,0,0x01
2027-03-14T09:43:00Z,22143,1,7743,7756,2313,2790,15,-120,0,0,0x01
2027-03-14T09:44:00Z,22743,1,7751,7767,2361,2826,13,-119,0,0,0x01
2027-03-14T09:45:00Z,23343,1,7766,7777,2406,2879,14,-119,0,0,0x01
2027-03-14T09:46:00Z,23943,1,7775,7785,2448,2924,12,-118,0,0,0x01
2027-03-14T09:47:00Z,24543,1,7784,7796,2481,2944,15,-119,0,0,0x01
2027-03-14T09:48:00Z,25143,1,7794,7803,2517,2973,14,-120,0,0,0x01
2027-03-14T09:49:00Z,25743,1,7802,7812,2560,3014,14,-119,0,0,0x01
2027-03-14T09:50:00Z,26343,1,7809,7819,2581,3040,13,-120,0,0,0x01
2027-03-14T09:51:00Z,26943,1,7815,7827,2610,3069,14,-120,0,0,0x01
2027-03-14T09:52:00Z,27543,1,7822,7834,2633,3100,12,-120,0,0,0x01
2027-03-14T09:53:00Z,28143,1,7830,7840,2654,3127,10,-119,0,0,0x01
2027-03-14T09:54:00Z,28743,1,7832,7847,2675,3132,14,-120,0,0,0x01
2027-03-14T09:55:00Z,29343,1,7844,7853,2695,3171,13,-120,0,0,0x01
2027-03-14T09:56:00Z,29943,1,7848,7858,2702,3180,14,-118,0,0,0x01
2027-03-14T09:57:00Z,30543,1,7852,7863,2713,3183,19,-119,0,0,0x01
2027-03-14T09:58:00Z,31143,1,7860,7868,2719,3192,12,-118,0,0,0x01
2027-03-14T09:59:00Z,31743,1,7866,7874,2718,3184,14,-119,0,0,0x01
2027-03-14T10:00:00Z,32343,1,7871,7879,2721,3180,14,-87,0,0,0x01
2027-03-14T10:01:00Z,32943,1,7873,7884,2718,3188,13,-76,0,0,0x01
2027-03-14T10:02:00Z,33543,1,7880,7887,2711,3170,13,-72,0,0,0x01
2027-03-14T10:03:00Z,34143,1,7881,7891,2704,3176,15,-67,0,0,0x01
2027-03-14T10:04:00Z,34743,1,7888,7896,2686,3159,14,-64,0,0,0x01
2027-03-14T10:05:00Z,35343,1,7890,7900,2681,3155,11,-63,0,0,0x01
2027-03-14T10:06:00Z,35943,1,7892,7902,2656,3129,13,-66,0,0,0x01
2027-03-14T10:07:00Z,36543,1,7893,7906,2644,3103,11,-72,0,0,0x01
2027-03-14T10:08:00Z,37143,1,7904,7908,2614,3068,14,-79,0,0,0x01
2027-03-14T10:09:00Z,37744,1,7899,7911,2581,3056,15,-87,0,0,0x01
2027-03-14T10:10:00Z,38344,1,7900,7914,2554,3015,15,-119,0,0,0x01
2027-03-14T10:11:00Z,38944,1,7908,7917,2523,2979,12,-118,0,0,0x01
2027-03-14T10:12:00Z,39544,1,7912,7921,2493,2948,12,-120,0,0,0x01
2027-03-14T10:13:00Z,40144,1,7914,7922,2446,2925,12,-120,0,0,0x01
2027-03-14T10:14:00Z,40744,1,7915,7925,2405,2878,13,-121,0,0,0x01
2027-03-14T10:15:00Z,41344,1,7916,7927,2360,2845,18,-119,0,0,0x01
2027-03-14T10:16:00Z,41944,1,7919,7929,2313,2774,21,-120,0,0,0x01
2027-03-14T10:17:00Z,42544,1,7922,7931,2268,2726,15,-119,0,0,0x01
2027-03-14T10:18:00Z,43144,1,7925,7932,2218,2673,17,-118,0,0,0x01
2027-03-14T10:19:00Z,43744,1,7927,7935,2167,2631,15,-119,0,0,0x01
2027-03-14T10:20:00Z,44344,1,7928,7935,2108,2579,13,-119,0,0,0x01
2027-03-14T10:21:00Z,44944,1,7929,7937,2064,2505,13,-121,0,0,0x01
2027-03-14T10:22:00Z,45544,1,7933,7940,1995,2469,10,-120,0,0,0x01
2027-03-14T10:23:00Z,46144,1,7933,7941,1941,2417,17,-118,0,0,0x01
2027-03-14T10:24:00Z,46744,1,7932,7943,1881,2348,13,-119,0,0,0x01
2027-03-14T10:25:00Z,47344,1,7938,7944,1823,2293,17,-118,0,0,0x01
2027-03-14T10:26:00Z,47944,1,7934,7945,1765,2227,13,-120,0,0,0x01
2027-03-14T10:27:00Z,48544,1,7938,7946,1699,2164,16,-118,0,0,0x01
2027-03-14T10:28:00Z,49144,1,7937,7947,1631,2093,15,-120,0,0,0x01
2027-03-14T10:29:00Z,49744,1,7941,7949,1583,2028,12,-119,0,0,0x01
2027-03-14T10:30:00Z,50344,1,7946,7959,2227,2705,15,-121,0,0,0x01
2027-03-14T10:31:00Z,50944,1,7925,7939,2192,2666,12,-119,0,0,0x01
2027-03-14T10:32:00Z,51544,1,7906,7922,2178,2636,14,-118,0,0,0x01
2027-03-14T10:33:00Z,52144,1,7892,7907,2156,2631,12,-119,0,0,0x01
2027-03-14T10:34:00Z,52744,1,7879,7892,2138,2597,14,-119,0,0,0x01
2027-03-14T10:35:00Z,53345,1,7864,7877,2113,2578,12,-119,0,0,0x01
2027-03-14T10:36:00Z,53945,1,7849,7863,2095,2562,12,-119,0,0,0x01
2027-03-14T10:37:00Z,54545,1,7838,7848,2075,2546,16,-121,0,0,0x01
2027-03-14T10:38:00Z,55145,1,7821,7835,2054,2524,18,-119,0,0,0x01
2027-03-14T10:39:00Z,55745,1,7809,7822,2032,2494,12,-120,0,0,0x01
2027-03-14T10:40:00Z,56345,1,7794,7807,2013,2478,12,-118,0,0,0x01
2027-03-14T10:41:00Z,56945,1,7787,7797,1995,2469,15,-120,0,0,0x01
2027-03-14T10:42:00Z,57545,1,7772,7783,1973,2451,19,-118,0,0,0x01
2027-03-14T10:43:00Z,58145,1,7755,7769,1955,2429,15,-120,0,0,0x01
2027-03-14T10:44:00Z,58745,1,7747,7757,1947,2403,15,-119,0,0,0x01
2027-03-14T10:45:00Z,59345,1,7734,7746,1916,2385,12,-119,0,0,0x01
2027-03-14T10:46:00Z,59945,1,7721,7732,1897,2360,13,-118,0,0,0x01
2027-03-14T10:47:00Z,60545,1,7709,7720,1874,2339,15,-118,0,0,0x01
2027-03-14T10:48:00Z,61145,1,7696,7708,1861,2325,14,-120,0,0,0x01
2027-03-14T10:49:00Z,61745,1,7685,7696,1840,2307,14,-120,0,0,0x01
2027-03-14T10:50:00Z,62345,1,7673,7684,1813,2306,17,-85,0,0,0x01
2027-03-14T10:51:00Z,62945,1,7659,7673,1795,2264,17,-79,0,0,0x01
2027-03-14T10:52:00Z,63545,1,7648,7661,1773,2240,15,-71,0,0,0x01
2027-03-14T10:53:00Z,64145,1,7634,7649,1757,2217,15,-66,0,0,0x01
2027-03-14T10:54:00Z,64745,1,7627,7637,1755,2214,14,-63,0,0,0x01
2027-03-14T10:55:00Z,65345,1,7608,7626,1711,2179,13,-64,0,0,0x01
2027-03-14T10:56:00Z,409,1,7604,7614,1696,2162,14,-67,0,0,0x01
2027-03-14T10:57:00Z,1009,1,7594,7604,1669,2143,12,-72,0,0,0x01
2027-03-14T10:58:00Z,1609,1,7576,7592,1664,2128,12,-79,0,0,0x01
2027-03-14T10:59:00Z,2209,1,7572,7580,1634,2100,12,-86,0,0,0x01
2027-03-14T11:00:00Z,2810,1,7557,7570,1623,2086,20,-119,0,0,0x01
2027-03-14T11:01:00Z,3410,1,7549,7558,1586,2061,15,-120,0,0,0x01
2027-03-14T11:02:00Z,4010,1,7533,7547,1574,2047,13,-118,0,0,0x01
2027-03-14T11:03:00Z,4610,1,7528,7536,1556,2027,12,-120,0,0,0x01
2027-03-14T11:04:00Z,5210,1,7514,7525,1539,2002,13,-119,0,0,0x01
2027-03-14T11:05:00Z,5810,1,7543,7560,1570,2035,15,-120,0,0,0x01
2027-03-14T11:06:00Z,6410,1,7568,7580,1632,2097,12,-118,0,0,0x01
2027-03-14T11:07:00Z,7010,1,7586,7599,1695,2155,20,-120,0,0,0x01
2027-03-14T11:08:00Z,7610,1,7604,7618,1763,2221,13,-121,0,0,0x01
2027-03-14T11:09:00Z,8210,1,7624,7634,1810,2281,13,-119,0,0,0x01
2027-03-14T11:10:00Z,8810,1,7636,7651,1892,2373,16,-119,0,0,0x01
2027-03-14T11:11:00Z,9410,1,7652,7667,1932,2394,16,-118,0,0,0x01
2027-03-14T11:12:00Z,10010,1,7668,7681,2009,2474,11,-119,0,0,0x01
2027-03-14T11:13:00Z,10610,1,7680,7696,2066,2514,15,-119,0,0,0x01
2027-03-14T11:14:00Z,11210,1,7695,7709,2109,2572,12,-118,0,0,0x01
2027-03-14T11:15:00Z,11810,1,7713,7722,2171,2629,15,-120,0,0,0x01
2027-03-14T11:16:00Z,12410,1,7724,7733,2217,2668,14,-121,0,0,0x01
2027-03-14T11:17:00Z,13010,1,7735,7746,2260,2725,13,-120,0,0,0x01
2027-03-14T11:18:00Z,13610,1,7740,7757,2314,2791,12,-118,0,0,0x01
2027-03-14T11:19:00Z,14210,1,7756,7767,2366,2835,15,-120,0,0,0x01
2027-03-14T11:20:00Z,14810,1,7766,7775,2403,2873,16,-119,0,0,0x01
2027-03-14T11:21:00Z,15410,1,7773,7786,2447,2911,18,-117,0,0,0x01
2027-03-14T11:22:00Z,16010,1,7786,7796,2481,2965,12,-119,0,0,0x01
2027-03-14T11:23:00Z,16610,1,7792,7803,2520,2991,12,-119,0,0,0x01
2027-03-14T11:24:00Z,17210,1,7799,7812,2554,3006,14,-120,0,0,0x01
2027-03-14T11:25:00Z,17810,1,7809,7819,2593,3061,15,-118,0,0,0x01
2027-03-14T11:26:00Z,18411,1,7814,7826,2604,3070,13,-119,0,0,0x01
2027-03-14T11:27:00Z,19011,1,7819,7833,2627,3108,13,-117,0,0,0x01
2027-03-14T11:28:00Z,19611,1,7830,7840,2653,3124,13,-118,0,0,0x01
2027-03-14T11:29:00Z,20211,1,7834,7846,2672,3143,12,-118,0,0,0x01
2027-03-14T11:30:00Z,20811,1,7842,7853,2696,3154,12,-118,0,0,0x01
2027-03-14T11:31:00Z,21411,1,7846,7858,2705,3164,13,-119,0,0,0x01
2027-03-14T11:32:00Z,22011,1,7859,7865,2716,3173,15,-120,0,0,0x01
2027-03-14T11:33:00Z,22611,1,7860,7870,2717,3186,14,-119,0,0,0x01
2027-03-14T11:34:00Z,23211,1,7864,7874,2716,3207,12,-119,0,0,0x01
2027-03-14T11:35:00Z,23811,1,7865,7878,2725,3191,15,-119,0,0,0x01
2027-03-14T11:36:00Z,24411,1,7873,7883,2714,3177,13,-119,0,0,0x01
2027-03-14T11:37:00Z,25011,1,7879,7887,2714,3180,13,-118,0,0,0x01
2027-03-14T11:38:00Z,25611,1,7882,7891,2698,3184,13,-120,0,0,0x01
2027-03-14T11:39:00Z,26211,1,7885,7895,2691,3175,12,-119,0,0,0x01
2027-03-14T11:40:00Z,26811,1,7887,7900,2684,3175,18,-84,0,0,0x01
2027-03-14T11:41:00Z,27411,1,7890,7902,2647,3116,15,-79,0,0,0x01
2027-03-14T11:42:00Z,28011,1,7895,7905,2631,3101,13,-72,0,0,0x01
2027-03-14T11:43:00Z,28611,1,7900,7909,2608,3074,15,-66,0,0,0x01
2027-03-14T11:44:00Z,29211,1,7899,7911,2586,3055,15,-64,0,0,0x01
2027-03-14T11:45:00Z,29811,1,7909,7916,2562,3035,13,-63,0,0,0x01
2027-03-14T11:46:00Z,30411,1,7907,7917,2521,2980,13,-67,0,0,0x01
2027-03-14T11:47:00Z,31011,1,7910,7920,2483,2955,16,-71,0,0,0x01
2027-03-14T11:48:00Z,31611,1,7912,7922,2452,2913,14,-80,0,0,0x01
2027-03-14T11:49:00Z,32211,1,7916,7925,2404,2869,14,-88,0,0,0x01
2027-03-14T11:50:00Z,32811,1,7917,7926,2366,2827,13,-119,0,0,0x01
2027-03-14T11:51:00Z,33411,1,7920,7929,2342,2779,11,-118,0,0,0x01
2027-03-14T11:52:00Z,34012,1,7921,7931,2344,2781,15,-118,0,0,0x01
2027-03-14T11:53:00Z,34612,1,7921,7932,2351,2739,14,-119,0,0,0x01
2027-03-14T11:54:00Z,35212,1,7922,7934,2345,2701,12,-117,0,0,0x01
2027-03-14T11:55:00Z,35812,1,7928,7937,2340,2659,15,-118,0,0,0x01
2027-03-14T11:56:00Z,36412,1,7930,7939,2336,2625,13,-120,0,0,0x01
2027-03-14T11:57:00Z,37012,1,7931,7940,2321,2602,16,-119,0,0,0x01
2027-03-14T11:58:00Z,37612,1,7934,7940,2318,2562,15,-118,0,0,0x01
2027-03-14T11:59:00Z,38212,1,7932,7943,2309,2512,19,-120,0,0,0x01
2027-03-14T12:00:00Z,38812,1,7933,7944,2302,2485,13,-119,0,0,0x01
2027-03-14T12:01:00Z,39412,1,7936,7945,2287,2440,13,-120,0,0,0x01
2027-03-14T12:02:00Z,40012,1,7933,7946,2281,2400,14,-119,0,0,0x01
2027-03-14T12:03:00Z,40612,1,7936,7948,2257,2366,15,-118,0,0,0x01
2027-03-14T12:04:00Z,41212,1,7937,7948,2255,2300,12,-118,0,0,0x01
2027-03-14T12:05:00Z,41812,1,7941,7958,2964,2964,15,-122,0,0,0x01
2027-03-14T12:06:00Z,42412,1,7921,7939,2993,2986,11,-119,0,0,0x01
2027-03-14T12:07:00Z,43012,1,7910,7923,3029,2982,18,-119,0,0,0x01
2027-03-14T12:08:00Z,43612,1,7896,7907,3043,2971,16,-121,0,0,0x01
2027-03-14T12:09:00Z,44212,1,7882,7891,3089,2981,13,-121,0,0,0x01
2027-03-14T12:10:00Z,44812,1,7864,7877,3119,2972,13,-117,0,0,0x01
2027-03-14T12:11:00Z,45412,1,7850,7863,3148,2978,12,-119,0,0,0x01
2027-03-14T12:12:00Z,46012,1,7838,7849,3171,2990,14,-118,0,0,0x01
2027-03-14T12:13:00Z,46612,1,7823,7835,3201,2982,16,-120,0,0,0x01
2027-03-14T12:14:00Z,47212,1,7809,7823,3231,2965,13,-120,0,0,0x01
2027-03-14T12:15:00Z,47812,1,7797,7808,3223,2961,14,-119,0,0,0x01
2027-03-14T12:16:00Z,48412,1,7785,7796,3190,2944,11,-119,0,0,0x01
2027-03-14T12:17:00Z,49012,1,7770,7783,3177,2924,12,-119,0,0,0x01
2027-03-14T12:18:00Z,49613,1,7759,7770,3155,2894,12,-120,0,0,0x01
2027-03-14T12:19:00Z,50213,1,7746,7758,3127,2872,11,-119,0,0,0x01
2027-03-14T12:20:00Z,50813,1,7735,7745,3111,2861,15,-118,0,0,0x01
2027-03-14T12:21:00Z,51413,1,7714,7732,3099,2835,14,-119,0,0,0x01
2027-03-14T12:22:00Z,52013,1,7709,7720,3079,2818,16,-119,0,0,0x01
2027-03-14T12:23:00Z,52613,1,7694,7708,3054,2802,16,-120,0,0,0x01
2027-03-14T12:24:00Z,53213,1,7686,7696,3036,2779,13,-119,0,0,0x01
2027-03-14T12:25:00Z,53813,1,7672,7684,3022,2759,14,-119,0,0,0x01
2027-03-14T12:26:00Z,54413,1,7662,7672,3000,2753,13,-120,0,0,0x01
2027-03-14T12:27:00Z,55013,1,7646,7661,2986,2720,14,-118,0,0,0x01
2027-03-14T12:28:00Z,55613,1,7634,7650,2954,2707,15,-118,0,0,0x01
2027-03-14T12:29:00Z,56213,1,7624,7637,2949,2692,14,-120,0,0,0x01
2027-03-14T12:30:00Z,56813,1,7612,7626,2921,2668,15,-87,0,0,0x01
2027-03-14T12:31:00Z,57413,1,7602,7614,1698,2169,13,-81,0,0,0x01
2027-03-14T12:32:00Z,58013,1,7590,7602,1671,2144,14,-71,0,0,0x01
2027-03-14T12:33:00Z,58613,1,7576,7592,1650,2121,14,-68,0,0,0x01
2027-03-14T12:34:00Z,59213,1,7565,7581,1632,2106,12,-63,0,0,0x01
2027-03-14T12:35:00Z,59813,1,7559,7569,1614,2091,14,-65,0,0,0x01
2027-03-14T12:36:00Z,60413,1,7547,7559,1594,2056,14,-67,0,0,0x01
2027-03-14T12:37:00Z,61013,1,7534,7547,1571,2050,12,-72,0,0,0x01
2027-03-14T12:38:00Z,61613,1,7523,7536,1557,2041,15,-79,0,0,0x01
2027-03-14T12:39:00Z,62213,1,7512,7526,1553,2007,14,-87,0,0,0x01
2027-03-14T12:40:00Z,62813,1,7546,7561,1569,2031,13,-118,0,0,0x01
2027-03-14T12:41:00Z,63413,1,7567,7580,1636,2094,13,-119,0,0,0x01
2027-03-14T12:42:00Z,64013,1,7580,7600,1691,2166,15,-118,0,0,0x01
2027-03-14T12:43:00Z,64613,1,7601,7617,1759,2234,15,-120,0,0,0x01
2027-03-14T12:44:00Z,65214,1,7618,7634,1824,2290,15,-120,0,0,0x01
2027-03-14T12:45:00Z,278,1,7636,7651,1894,2341,11,-119,0,0,0x01
2027-03-14T12:46:00Z,878,1,7653,7666,1937,2409,17,-120,0,0,0x01
2027-03-14T12:47:00Z,1478,1,7671,7681,2000,2465,12,-120,0,0,0x01
2027-03-14T12:48:00Z,2078,1,7683,7696,2055,2506,15,-122,0,0,0x01
2027-03-14T12:49:00Z,2678,1,7697,7709,2108,2572,14,-118,0,0,0x01
2027-03-14T12:50:00Z,3278,1,7710,7722,2164,2637,13,-119,0,0,0x01
2027-03-14T12:51:00Z,3878,1,7722,7734,2220,2703,17,-119,0,0,0x01
2027-03-14T12:52:00Z,4478,1,7735,7746,2274,2740,15,-120,0,0,0x01
2027-03-14T12:53:00Z,5078,1,7741,7756,2313,2793,16,-118,0,0,0x01
2027-03-14T12:54:00Z,5678,1,7758,7767,2363,2823,15,-118,0,0,0x01
2027-03-14T12:55:00Z,6278,1,7770,7777,2400,2864,13,-120,0,0,0x01
2027-03-14T12:56:00Z,6878,1,7776,7786,2446,2909,14,-120,0,0,0x01
2027-03-14T12:57:00Z,7478,1,7785,7795,2483,2955,15,-119,0,0,0x01
2027-03-14T12:58:00Z,8078,1,7791,7804,2513,2986,12,-119,0,0,0x01
2027-03-14T12:59:00Z,8678,1,7796,7812,2565,3016,11,-119,0,0,0x01
2027-03-14T13:00:00Z,9278,1,7808,7819,2583,3038,11,-118,0,0,0x01
2027-03-14T13:01:00Z,9878,1,7818,7826,2616,3074,13,-120,0,0,0x01
2027-03-14T13:02:00Z,10478,1,7823,7833,2629,3093,14,-118,0,0,0x01
2027-03-14T13:03:00Z,11078,1,7829,7840,2659,3134,15,-119,0,0,0x01
2027-03-14T13:04:00Z,11678,1,7837,7846,2676,3133,14,-119,0,0,0x01
2027-03-14T13:05:00Z,12278,1,7841,7853,2685,3167,12,-119,0,0,0x01
2027-03-14T13:06:00Z,12878,1,7850,7858,2716,3168,15,-119,0,0,0x01
2027-03-14T13:07:00Z,13478,1,7852,7863,2711,3170,15,-118,0,0,0x01
2027-03-14T13:08:00Z,14078,1,7861,7869,2725,3191,15,-119,0,0,0x01
2027-03-14T13:09:00Z,14678,1,7861,7873,2719,3193,15,-118,0,0,0x01
2027-03-14T13:10:00Z,15279,1,7868,7880,2716,3175,13,-120,0,0,0x01
2027-03-14T13:11:00Z,15879,1,7873,7883,2714,3180,16,-120,0,0,0x01
2027-03-14T13:12:00Z,16479,1,7876,7887,2713,3181,20,-119,0,0,0x01
2027-03-14T13:13:00Z,17079,1,7883,7891,2701,3167,15,-119,0,0,0x01
2027-03-14T13:14:00Z,17679,1,7885,7895,2696,3158,14,-121,0,0,0x01
2027-03-14T13:15:00Z,18279,1,7890,7899,2676,3137,13,-119,0,0,0x01
2027-03-14T13:16:00Z,18879,1,7894,7902,2670,3120,13,-120,0,0,0x01
2027-03-14T13:17:00Z,19479,1,7896,7906,2646,3122,15,-119,0,0,0x01
2027-03-14T13:18:00Z,20079,1,7901,7909,2607,3077,13,-120,0,0,0x01
2027-03-14T13:19:00Z,20679,1,7901,7912,2592,3045,12,-119,0,0,0x01
2027-03-14T13:20:00Z,21279,1,7902,7915,2557,3023,15,-86,0,0,0x01
2027-03-14T13:21:00Z,21879,1,7908,7918,2520,2992,15,-78,0,0,0x01
2027-03-14T13:22:00Z,22479,1,7912,7921,2483,2969,14,-72,0,0,0x01
2027-03-14T13:23:00Z,23079,1,7912,7921,2447,2917,13,-67,0,0,0x01
2027-03-14T13:24:00Z,23679,1,7916,7925,2407,2880,18,-63,0,0,0x01
2027-03-14T13:25:00Z,24279,1,7916,7926,2363,2820,17,-64,0,0,0x01
2027-03-14T13:26:00Z,24879,1,7921,7929,2331,2788,14,-66,0,0,0x01
2027-03-14T13:27:00Z,25479,1,7920,7930,2270,2725,14,-72,0,0,0x01
2027-03-14T13:28:00Z,26079,1,7921,7933,2218,2690,18,-78,0,0,0x01
2027-03-14T13:29:00Z,26679,1,7925,7934,2165,2629,16,-87,0,0,0x01
2027-03-14T13:30:00Z,27279,1,7925,7936,2109,2578,13,-119,0,0,0x01
2027-03-14T13:31:00Z,27879,1,7927,7937,2056,2513,14,-119,0,0,0x01
2027-03-14T13:32:00Z,28479,1,7931,7940,2010,2490,14,-119,0,0,0x01
2027-03-14T13:33:00Z,29079,1,7931,7941,1935,2405,15,-119,0,0,0x01
2027-03-14T13:34:00Z,29679,1,7930,7943,1880,2341,14,-120,1,0,0x00
2027-03-14T13:35:00Z,30279,1,7936,7944,1816,2278,13,-119,0,0,0x01
2027-03-14T13:36:00Z,30880,1,7937,7946,1756,2215,13,-118,0,0,0x01
2027-03-14T13:37:00Z,31480,1,7937,7946,1706,2154,13,-119,0,0,0x01
2027-03-14T13:38:00Z,32080,1,7940,7948,1642,2099,13,-119,0,0,0x01
2027-03-14T13:39:00Z,32680,1,7939,7948,1578,2019,14,-120,0,0,0x01
2027-03-14T13:40:00Z,33280,1,7943,7958,2222,2684,17,-119,0,0,0x01
2027-03-14T13:41:00Z,33880,1,7926,7940,2205,2666,12,-121,0,0,0x01
2027-03-14T13:42:00Z,34480,1,7913,7923,2177,2650,11,-119,0,0,0x01
2027-03-14T13:43:00Z,35080,1,7893,7907,2156,2621,16,-119,0,0,0x01
2027-03-14T13:44:00Z,35680,1,7878,7891,2132,2605,14,-119,0,0,0x01
2027-03-14T13:45:00Z,36280,1,7864,7877,2112,2591,13,-120,0,0,0x01
2027-03-14T13:46:00Z,36880,1,7849,7862,2104,2568,19,-119,0,0,0x01
2027-03-14T13:47:00Z,37480,1,7833,7849,2074,2551,12,-120,0,0,0x01
2027-03-14T13:48:00Z,38080,1,7819,7835,2059,2528,15,-119,0,0,0x01
2027-03-14T13:49:00Z,38680,1,7809,7822,2036,2508,14,-118,0,0,0x01
2027-03-14T13:50:00Z,39280,1,7794,7808,2019,2476,14,-121,0,0,0x01
2027-03-14T13:51:00Z,39880,1,7785,7795,1991,2461,13,-118,0,0,0x01
2027-03-14T13:52:00Z,40480,1,7774,7783,1969,2436,14,-119,0,0,0x01
2027-03-14T13:53:00Z,41080,1,7759,7770,1954,2425,15,-119,0,0,0x01
2027-03-14T13:54:00Z,41680,1,7748,7757,1936,2407,11,-119,0,0,0x01
2027-03-14T13:55:00Z,42280,1,7733,7744,1912,2384,13,-118,0,0,0x01
2027-03-14T13:56:00Z,42880,1,7723,7733,1903,2366,12,-120,0,0,0x01
2027-03-14T13:57:00Z,43480,1,7708,7721,1875,2344,16,-121,0,0,0x01
2027-03-14T13:58:00Z,44080,1,7698,7709,1865,2332,13,-118,0,0,0x01
2027-03-14T13:59:00Z,44680,1,7683,7696,1827,2293,15,-120,0,0,0x01
2027-03-14T14:00:00Z,45280,1,7672,7685,1819,2293,13,-118,0,0,0x01
2027-03-14T14:01:00Z,45880,1,7661,7673,1801,2269,16,-120,0,0,0x01
2027-03-14T14:02:00Z,46481,1,7647,7661,1770,2268,13,-120,0,0,0x01
2027-03-14T14:03:00Z,47081,1,7638,7649,1754,2218,13,-118,0,0,0x01
2027-03-14T14:04:00Z,47681,1,7624,7639,1744,2199,13,-121,0,0,0x01
2027-03-14T14:05:00Z,48281,1,7619,7627,1714,2184,13,-120,0,0,0x01
2027-03-14T14:06:00Z,48881,1,7606,7615,1700,2158,12,-119,0,0,0x01
2027-03-14T14:07:00Z,49481,1,7589,7604,1683,2142,12,-118,0,0,0x01
2027-03-14T14:08:00Z,50081,1,7580,7592,1651,2111,13,-120,0,0,0x01
2027-03-14T14:09:00Z,50681,1,7568,7581,1639,2102,14,-119,0,0,0x01
2027-03-14T14:10:00Z,51281,1,7560,7570,1626,2077,17,-86,0,0,0x01
2027-03-14T14:11:00Z,51881,1,7548,7559,1594,2060,14,-79,0,0,0x01
2027-03-14T14:12:00Z,52481,1,7534,7547,1576,2055,16,-73,0,0,0x01
2027-03-14T14:13:00Z,53081,1,7527,7536,1554,2023,16,-67,0,0,0x01
2027-03-14T14:14:00Z,53681,1,7511,7525,1537,2010,13,-63,0,0,0x01
2027-03-14T14:15:00Z,54281,1,7546,7560,1574,2044,13,-63,0,0,0x01
2027-03-14T14:16:00Z,54881,1,7566,7580,1635,2099,16,-66,0,0,0x01
2027-03-14T14:17:00Z,55481,1,7586,7599,1701,2161,13,-72,0,0,0x01
2027-03-14T14:18:00Z,56081,1,7607,7617,1756,2242,15,-79,0,0,0x01
2027-03-14T14:19:00Z,56681,1,7622,7634,1824,2280,18,-85,0,0,0x01
2027-03-14T14:20:00Z,57281,1,7638,7651,1880,2339,13,-119,0,0,0x01
2027-03-14T14:21:00Z,57881,1,7654,7666,1931,2393,15,-119,0,0,0x01
2027-03-14T14:22:00Z,58481,1,7666,7681,2006,2459,16,-119,0,0,0x01
2027-03-14T14:23:00Z,59081,1,7685,7695,2049,2516,17,-121,0,0,0x01
2027-03-14T14:24:00Z,59681,1,7696,7709,2117,2590,14,-119,0,0,0x01
2027-03-14T14:25:00Z,60281,1,7712,7722,2164,2623,13,-119,0,0,0x01
2027-03-14T14:26:00Z,60881,1,7723,7733,2215,2696,13,-118,0,0,0x01
2027-03-14T14:27:00Z,61482,1,7730,7745,2265,2722,12,-120,0,0,0x01
2027-03-14T14:28:00Z,62082,1,7742,7755,2317,2784,14,-118,0,0,0x01
2027-03-14T14:29:00Z,62682,1,7753,7766,2359,2813,16,-118,0,0,0x01
2027-03-14T14:30:00Z,63282,1,7766,7776,2405,2866,15,-118,0,0,0x01
2027-03-14T14:31:00Z,63882,1,7775,7785,2443,2916,12,-119,0,0,0x01
2027-03-14T14:32:00Z,64482,1,7786,7795,2477,2943,13,-118,0,0,0x01
2027-03-14T14:33:00Z,65082,1,7792,7804,2512,2981,13,-119,0,0,0x01
2027-03-14T14:34:00Z,146,1,7799,7811,2546,3015,13,-122,0,0,0x01
2027-03-14T14:35:00Z,746,1,7808,7819,2583,3059,11,-119,0,0,0x01
2027-03-14T14:36:00Z,1346,1,7817,7827,2605,3078,16,-119,0,0,0x01
2027-03-14T14:37:00Z,1946,1,7823,7833,2638,3111,15,-121,0,0,0x01
2027-03-14T14:38:00Z,2546,1,7832,7841,2653,3131,19,-120,0,0,0x01
2027-03-14T14:39:00Z,3146,1,7839,7848,2679,3140,11,-120,0,0,0x01
2027-03-14T14:40:00Z,3746,1,7840,7853,2691,3147,14,-120,0,0,0x01
2027-03-14T14:41:00Z,4346,1,7849,7858,2705,3176,17,-119,0,0,0x01
2027-03-14T14:42:00Z,4946,1,7850,7863,2708,3181,11,-118,0,0,0x01
2027-03-14T14:43:00Z,5546,1,7857,7868,2717,3185,14,-119,0,0,0x01
2027-03-14T14:44:00Z,6146,1,7866,7874,2720,3178,14,-120,0,0,0x01
2027-03-14T14:45:00Z,6746,1,7868,7879,2721,3187,11,-118,0,0,0x01
2027-03-14T14:46:00Z,7346,1,7877,7885,2720,3185,17,-119,0,0,0x01
2027-03-14T14:47:00Z,7946,1,7875,7887,2712,3171,12,-119,0,0,0x01
2027-03-14T14:48:00Z,8546,1,7882,7892,2713,3164,15,-120,0,0,0x01
2027-03-14T14:49:00Z,9146,1,7887,7895,2692,3178,18,-118,0,0,0x01
2027-03-14T14:50:00Z,9746,1,7887,7898,2673,3158,10,-120,0,0,0x01
2027-03-14T14:51:00Z,10346,1,7891,7902,2650,3118,15,-118,0,0,0x01
2027-03-14T14:52:00Z,10946,1,7898,7905,2636,3102,13,-120,0,0,0x01
2027-03-14T14:53:00Z,11547,1,7901,7909,2613,3107,14,-119,0,0,0x01
2027-03-14T14:54:00Z,12147,1,7903,7911,2583,3047,14,-119,0,0,0x01
2027-03-14T14:55:00Z,12747,1,7904,7914,2551,3023,12,-119,0,0,0x01
2027-03-14T14:56:00Z,13347,1,7910,7918,2514,2983,18,-120,0,0,0x01
2027-03-14T14:57:00Z,13947,1,7912,7920,2486,2971,12,-118,0,0,0x01
2027-03-14T14:58:00Z,14547,1,7909,7923,2453,2903,18,-121,0,0,0x01
2027-03-14T14:59:00Z,15147,1,7914,7925,2398,2857,14,-118,0,0,0x01
2027-03-14T15:00:00Z,15747,1,7920,7926,2360,2815,15,-86,0,0,0x01
2027-03-14T15:01:00Z,16347,1,7919,7929,2311,2785,14,-79,0,0,0x01
2027-03-14T15:02:00Z,16947,1,7923,7931,2272,2723,12,-73,0,0,0x01
2027-03-14T15:03:00Z,17547,1,7924,7933,2213,2687,16,-65,0,0,0x01
2027-03-14T15:04:00Z,18147,1,7924,7934,2165,2627,18,-63,0,0,0x01
2027-03-14T15:05:00Z,18747,1,7924,7936,2111,2570,13,-63,0,0,0x01
2027-03-14T15:06:00Z,19347,1,7931,7938,2060,2523,11,-65,0,0,0x01
2027-03-14T15:07:00Z,19947,1,7930,7940,1998,2461,15,-71,0,0,0x01
2027-03-14T15:08:00Z,20547,1,7931,7941,1936,2397,13,-79,0,0,0x01
2027-03-14T15:09:00Z,21147,1,7934,7943,1885,2347,13,-86,0,0,0x01
2027-03-14T15:10:00Z,21747,1,7936,7944,1821,2274,13,-119,0,0,0x01
2027-03-14T15:11:00Z,22347,1,7936,7944,1766,2227,14,-119,0,0,0x01
2027-03-14T15:12:00Z,22947,1,7938,7945,1703,2175,18,-119,0,0,0x01
2027-03-14T15:13:00Z,23547,1,7939,7948,1634,2091,14,-118,0,0,0x01
2027-03-14T15:14:00Z,24147,1,7942,7949,1580,2036,15,-119,0,0,0x01
2027-03-14T15:15:00Z,24747,1,7947,7959,2212,2667,12,-119,0,0,0x01
2027-03-14T15:16:00Z,25347,1,7928,7939,2195,2656,13,-118,0,0,0x01
2027-03-14T15:17:00Z,25947,1,7908,7923,2173,2637,15,-119,0,0,0x01
2027-03-14T15:18:00Z,26547,1,7889,7906,2156,2622,12,-119,0,0,0x01
2027-03-14T15:19:00Z,27148,1,7877,7891,2134,2614,14,-118,0,0,0x01
2027-03-14T15:20:00Z,27748,1,7865,7877,2118,2585,14,-119,0,0,0x01
2027-03-14T15:21:00Z,28348,1,7851,7862,2089,2559,16,-119,0,0,0x01
2027-03-14T15:22:00Z,28948,1,7834,7848,2081,2549,17,-120,0,0,0x01
2027-03-14T15:23:00Z,29548,1,7820,7835,2056,2514,14,-118,0,0,0x01
2027-03-14T15:24:00Z,30148,1,7805,7822,2032,2502,15,-118,0,0,0x01
2027-03-14T15:25:00Z,30748,1,7795,7808,2021,2475,15,-119,0,0,0x01
2027-03-14T15:26:00Z,31348,1,7781,7795,2000,2463,13,-118,0,0,0x01
2027-03-14T15:27:00Z,31948,1,7769,7782,1979,2466,17,-120,0,0,0x01
2027-03-14T15:28:00Z,32548,1,7759,7770,1959,2426,11,-119,0,0,0x01
2027-03-14T15:29:00Z,33148,1,7745,7757,1933,2409,14,-119,0,0,0x01
2027-03-14T15:30:00Z,33748,1,7732,7745,1912,2372,12,-121,0,0,0x01
2027-03-14T15:31:00Z,34348,1,7724,7733,1896,2373,14,-119,0,0,0x01
2027-03-14T15:32:00Z,34948,1,7706,7720,1883,2346,16,-120,0,0,0x01
2027-03-14T15:33:00Z,35548,1,7695,7709,1852,2326,11,-120,0,0,0x01
2027-03-14T15:34:00Z,36148,1,7686,7697,1830,2295,14,-121,0,0,0x01
2027-03-14T15:35:00Z,36748,1,7674,7684,1810,2277,14,-119,0,0,0x01
2027-03-14T15:36:00Z,37348,1,7658,7673,1802,2265,14,-119,0,0,0x01
2027-03-14T15:37:00Z,37948,1,7650,7661,1775,2246,14,-119,0,0,0x01
2027-03-14T15:38:00Z,38548,1,7638,7650,1758,2230,16,-119,0,0,0x01
2027-03-14T15:39:00Z,39148,1,7627,7638,1741,2201,12,-119,0,0,0x01
2027-03-14T15:40:00Z,39748,1,7609,7625,1711,2181,15,-118,0,0,0x01
2027-03-14T15:41:00Z,40348,1,7604,7614,1691,2165,17,-119,0,0,0x01
2027-03-14T15:42:00Z,40948,1,7590,7604,1676,2155,14,-121,0,0,0x01
2027-03-14T15:43:00Z,41548,1,7583,7593,1653,2129,12,-122,0,0,0x01
2027-03-14T15:44:00Z,42148,1,7571,7581,1629,2100,20,-119,0,0,0x01
2027-03-14T15:45:00Z,42749,1,7559,7569,1612,2086,12,-119,0,0,0x01
2027-03-14T15:46:00Z,43349,1,7550,7559,1589,2055,13,-119,0,0,0x01
2027-03-14T15:47:00Z,43949,1,7535,7547,1576,2046,14,-118,0,0,0x01
2027-03-14T15:48:00Z,44549,1,7524,7536,1563,2023,15,-119,0,0,0x01
2027-03-14T15:49:00Z,45149,1,7511,7525,1546,1999,12,-118,0,0,0x01
2027-03-14T15:50:00Z,45749,1,7544,7561,1573,2045,13,-85,0,0,0x01
2027-03-14T15:51:00Z,46349,1,7565,7579,1643,2100,14,-80,0,0,0x01
2027-03-14T15:52:00Z,46949,1,7586,7600,1702,2162,14,-71,0,0,0x01
2027-03-14T15:53:00Z,47549,1,7604,7618,1783,2223,15,-66,0,0,0x01
2027-03-14T15:54:00Z,48149,1,7622,7634,1822,2285,14,-64,0,0,0x01
2027-03-14T15:55:00Z,48749,1,7638,7651,1881,2363,14,-64,0,0,0x01
2027-03-14T15:56:00Z,49349,1,7650,7666,1944,2413,11,-67,0,0,0x01
2027-03-14T15:57:00Z,49949,1,7667,7682,2005,2475,12,-71,0,0,0x01
2027-03-14T15:58:00Z,50549,1,7681,7696,2053,2515,14,-79,0,0,0x01
2027-03-14T15:59:00Z,51149,1,7698,7709,2109,2584,14,-86,0,0,0x01
2027-03-14T16:00:00Z,51749,1,7711,7721,2161,2629,12,-118,0,0,0x01
2027-03-14T16:01:00Z,52349,1,7723,7734,2213,2669,13,-120,0,0,0x01
2027-03-14T16:02:00Z,52949,1,7735,7746,2269,2735,13,-119,0,0,0x01
2027-03-14T16:03:00Z,53549,1,7741,7756,2311,2782,15,-120,0,0,0x01
2027-03-14T16:04:00Z,54149,1,7757,7767,2374,2839,14,-117,0,0,0x01
2027-03-14T16:05:00Z,54749,1,7764,7777,2399,2869,15,-120,0,0,0x01
2027-03-14T16:06:00Z,55349,1,7774,7785,2441,2917,13,-118,0,0,0x01
2027-03-14T16:07:00Z,55949,1,7784,7795,2483,2960,4500,-118,0,0,0x01
2027-03-14T16:08:00Z,56549,1,7795,7804,2517,2999,4500,-120,0,0,0x01
2027-03-14T16:09:00Z,57149,1,7801,7811,2549,3013,4500,-118,0,0,0x01
2027-03-14T16:10:00Z,57749,0,7810,7819,2579,3052,4500,-119,0,1,0x00
2027-03-14T16:11:00Z,180,0,7819,7827,2617,3067,12,-120,0,1,0x00
2027-03-14T16:12:00Z,780,0,7822,7834,2637,3100,15,-120,0,1,0x00
2027-03-14T16:13:00Z,1380,0,7828,7841,2658,3138,13,-120,0,1,0x00
2027-03-14T16:14:00Z,1980,0,7837,7846,2673,3124,14,-118,0,1,0x00
2027-03-14T16:15:00Z,2580,0,7844,7852,2700,3179,13,-119,0,1,0x00
2027-03-14T16:16:00Z,3180,0,7849,7858,2712,3167,18,-118,0,1,0x00
2027-03-14T16:17:00Z,3780,0,7857,7864,2711,3167,14,-118,0,1,0x00
2027-03-14T16:18:00Z,4380,0,7859,7869,2719,3190,14,-119,0,1,0x00
2027-03-14T16:19:00Z,4980,0,7862,7873,2724,3190,12,-119,0,1,0x00
2027-03-14T16:20:00Z,5580,0,7868,7878,2721,3188,12,-118,0,1,0x00
2027-03-14T16:21:00Z,6180,0,7871,7883,2717,3206,16,-119,0,1,0x00
2027-03-14T16:22:00Z,6780,0,7878,7887,2711,3172,12,-120,0,1,0x00
2027-03-14T16:23:00Z,7380,0,7882,7890,2695,3169,14,-120,0,1,0x00
2027-03-14T16:24:00Z,7981,0,7885,7895,2691,3160,14,-119,0,1,0x00
2027-03-14T16:25:00Z,8581,0,7889,7898,2674,3167,15,-119,0,1,0x00
2027-03-14T16:26:00Z,9181,0,7892,7902,2657,3161,15,-120,0,1,0x00
2027-03-14T16:27:00Z,9781,0,7895,7905,2632,3092,14,-119,0,1,0x00
2027-03-14T16:28:00Z,10381,0,7900,7908,2611,3090,15,-120,0,1,0x00
2027-03-14T16:29:00Z,10981,0,7903,7912,2586,3051,12,-119,0,1,0x00
2027-03-14T16:30:00Z,11581,0,7906,7914,2563,3027,14,-121,0,1,0x00
2027-03-14T16:31:00Z,12181,0,7908,7917,2525,2978,14,-119,0,1,0x00
2027-03-14T16:32:00Z,12781,0,7912,7920,2487,2952,12,-118,0,1,0x00
2027-03-14T16:33:00Z,13381,0,7910,7922,2458,2922,14,-119,0,1,0x00
2027-03-14T16:34:00Z,13981,0,7914,7924,2405,2874,13,-118,0,1,0x00
2027-03-14T16:35:00Z,14581,0,7916,7925,2359,2836,19,-118,0,1,0x00
2027-03-14T16:36:00Z,15181,0,7919,7929,2317,2793,14,-118,0,1,0x00
2027-03-14T16:37:00Z,15781,0,7921,7931,2267,2737,12,-118,0,1,0x00
2027-03-14T16:38:00Z,16381,0,7921,7932,2223,2682,12,-121,0,1,0x00
2027-03-14T16:39:00Z,16981,0,7924,7934,2173,2634,12,-120,0,1,0x00
2027-03-14T16:40:00Z,17581,0,7928,7936,2114,2578,12,-86,0,1,0x00
2027-03-14T16:41:00Z,18181,0,7931,7939,2052,2510,13,-78,0,1,0x00
2027-03-14T16:42:00Z,18781,0,7930,7940,1990,2454,14,-71,0,1,0x00
2027-03-14T16:43:00Z,19381,0,7930,7942,1943,2392,12,-67,0,1,0x00
2027-03-14T16:44:00Z,19981,0,7933,7943,1891,2330,14,-63,0,1,0x00
2027-03-14T16:45:00Z,20581,0,7934,7944,1821,2281,15,-63,0,1,0x00
2027-03-14T16:46:00Z,21181,0,7938,7945,1755,2220,17,-66,0,1,0x00
2027-03-14T16:47:00Z,21781,0,7939,7946,1703,2179,14,-72,0,1,0x00
2027-03-14T16:48:00Z,22381,0,7940,7947,1641,2090,14,-78,0,1,0x00
2027-03-14T16:49:00Z,22981,0,7936,7948,1566,2047,17,-86,0,1,0x00
2027-03-14T16:50:00Z,23582,0,7946,7959,2222,2676,14,-117,0,1,0x00
2027-03-14T16:51:00Z,24182,0,7927,7939,2191,2661,14,-123,0,1,0x00
2027-03-14T16:52:00Z,24782,0,7910,7922,2176,2672,16,-120,0,1,0x00
2027-03-14T16:53:00Z,25382,0,7891,7906,2152,2607,12,-122,0,1,0x00
2027-03-14T16:54:00Z,25982,0,7880,7893,2131,2606,15,-120,0,1,0x00
2027-03-14T16:55:00Z,26582,0,7866,7877,2113,2598,13,-119,0,1,0x00
2027-03-14T16:56:00Z,27182,0,7853,7862,2094,2572,13,-118,0,1,0x00
2027-03-14T16:57:00Z,27782,0,7839,7848,2093,2549,13,-120,0,1,0x00
2027-03-14T16:58:00Z,28382,0,7824,7835,2051,2514,16,-118,0,1,0x00
2027-03-14T16:59:00Z,28982,0,7807,7821,2036,2499,12,-119,0,1,0x00
2027-03-14T17:00:00Z,29582,0,7796,7809,2015,2483,12,-119,0,1,0x00
2027-03-14T17:01:00Z,30182,0,7786,7796,1994,2465,15,-120,0,1,0x00
2027-03-14T17:02:00Z,30782,0,7772,7782,1972,2439,13,-119,0,1,0x00
2027-03-14T17:03:00Z,31382,0,7759,7769,1953,2420,13,-119,0,1,0x00
2027-03-14T17:04:00Z,31982,0,7741,7757,1941,2416,12,-122,0,1,0x00
2027-03-14T17:05:00Z,32582,0,7734,7745,1926,2380,15,-120,0,1,0x00
2027-03-14T17:06:00Z,33182,0,7726,7734,1902,2371,12,-119,0,1,0x00
2027-03-14T17:07:00Z,33782,0,7709,7720,1873,2340,15,-120,0,1,0x00
2027-03-14T17:08:00Z,34382,0,7696,7709,1860,2310,14,-121,0,1,0x00
2027-03-14T17:09:00Z,34982,0,7686,7697,1826,2295,15,-118,0,1,0x00
2027-03-14T17:10:00Z,35582,0,7674,7685,1822,2294,14,-118,0,1,0x00
2027-03-14T17:11:00Z,36182,0,7660,7672,1808,2273,12,-118,0,1,0x00
2027-03-14T17:12:00Z,36782,0,7648,7660,1771,2247,13,-119,0,1,0x00
2027-03-14T17:13:00Z,37382,0,7637,7649,1754,2227,12,-120,0,1,0x00
2027-03-14T17:14:00Z,37982,0,7628,7637,1747,2211,14,-119,0,1,0x00
2027-03-14T17:15:00Z,38582,0,7616,7626,1711,2178,12,-118,0,1,0x00
2027-03-14T17:16:00Z,39183,0,7606,7615,1703,2157,14,-119,0,1,0x00
2027-03-14T17:17:00Z,39783,0,7592,7604,1686,2138,12,-120,0,1,0x00
2027-03-14T17:18:00Z,40383,0,7578,7591,1667,2136,12,-119,0,1,0x00
2027-03-14T17:19:00Z,40983,0,7567,7580,1638,2099,16,-118,0,1,0x00
2027-03-14T17:20:00Z,41583,0,7560,7569,1621,2077,13,-119,0,1,0x00
2027-03-14T17:21:00Z,42183,0,7547,7559,1599,2061,15,-118,0,1,0x00
2027-03-14T17:22:00Z,42783,0,7535,7547,1580,2044,14,-120,0,1,0x00
2027-03-14T17:23:00Z,43383,0,7525,7536,1554,2028,16,-120,0,1,0x00
2027-03-14T17:24:00Z,43983,0,7513,7527,1539,2019,18,-118,0,1,0x00
2027-03-14T17:25:00Z,44583,0,7545,7560,1568,2039,13,-118,0,1,0x00
2027-03-14T17:26:00Z,45183,0,7562,7580,1635,2101,15,-120,0,1,0x00
2027-03-14T17:27:00Z,45783,0,7584,7599,1691,2145,13,-121,0,1,0x00
2027-03-14T17:28:00Z,46383,0,7602,7618,1765,2218,14,-120,0,1,0x00
2027-03-14T17:29:00Z,46983,0,7623,7635,1821,2288,13,-120,0,1,0x00
2027-03-14T17:30:00Z,47583,0,7639,7651,1878,2339,16,-87,0,1,0x00
2027-03-14T17:31:00Z,48183,0,7651,7667,1949,2411,15,-80,0,1,0x00
2027-03-14T17:32:00Z,48783,0,7669,7681,2001,2464,12,-71,0,1,0x00
2027-03-14T17:33:00Z,49383,0,7682,7694,2055,2517,14,-66,0,1,0x00
2027-03-14T17:34:00Z,49983,0,7695,7709,2110,2574,17,-63,0,1,0x00
2027-03-14T17:35:00Z,50583,0,7705,7721,2167,2627,14,-63,0,1,0x00
2027-03-14T17:36:00Z,51183,0,7722,7733,2230,2685,14,-66,0,1,0x00
2027-03-14T17:37:00Z,51783,0,7739,7747,2267,2745,12,-71,0,1,0x00
2027-03-14T17:38:00Z,52383,0,7741,7755,2322,2778,12,-79,0,1,0x00
2027-03-14T17:39:00Z,52983,0,7756,7767,2360,2831,13,-87,0,1,0x00
2027-03-14T17:40:00Z,53583,0,7767,7777,2416,2878,12,-119,0,1,0x00
2027-03-14T17:41:00Z,54183,0,7775,7786,2448,2920,12,-120,0,1,0x00
2027-03-14T17:42:00Z,54784,0,7783,7794,2489,2938,12,-119,0,1,0x00
2027-03-14T17:43:00Z,55384,0,7792,7804,2527,2996,15,-120,0,1,0x00
2027-03-14T17:44:00Z,55984,0,7802,7812,2552,3030,12,-121,0,1,0x00
2027-03-14T17:45:00Z,56584,0,7809,7819,2586,3053,15,-122,0,1,0x00
2027-03-14T17:46:00Z,57184,0,7815,7826,2607,3068,12,-118,0,1,0x00
2027-03-14T17:47:00Z,57784,0,7824,7834,2645,3097,17,-120,0,1,0x00
2027-03-14T17:48:00Z,58384,0,7830,7840,2651,3128,13,-121,0,1,0x00
2027-03-14T17:49:00Z,58984,0,7837,7848,2672,3132,14,-119,0,1,0x00
2027-03-14T17:50:00Z,59584,0,7844,7853,2694,3155,14,-119,0,1,0x00
2027-03-14T17:51:00Z,60184,0,7850,7858,2700,3170,12,-119,0,1,0x00
2027-03-14T17:52:00Z,60784,0,7850,7863,2705,3182,14,-120,0,1,0x00
2027-03-14T17:53:00Z,61384,0,7862,7869,2712,3187,13,-120,0,1,0x00
2027-03-14T17:54:00Z,61984,0,7863,7874,2729,3190,15,-120,0,1,0x00
2027-03-14T17:55:00Z,62584,0,7870,7878,2723,3184,12,-119,0,1,0x00
2027-03-14T17:56:00Z,63184,0,7874,7883,2722,3207,14,-118,0,1,0x00
2027-03-14T17:57:00Z,63784,0,7878,7888,2716,3169,14,-118,0,1,0x00
2027-03-14T17:58:00Z,64384,0,7882,7892,2705,3169,16,-119,0,1,0x00
2027-03-14T17:59:00Z,64984,0,7885,7894,2687,3145,13,-120,0,1,0x00
2027-03-14T18:00:00Z,48,0,7888,7898,2671,3160,12,-119,0,1,0x00
2027-03-14T18:01:00Z,648,0,7893,7902,2663,3124,13,-119,0,1,0x00
2027-03-14T18:02:00Z,1248,0,7896,7905,2637,3100,16,-119,0,1,0x00
2027-03-14T18:03:00Z,1848,0,7902,7909,2611,3079,13,-119,0,1,0x00
2027-03-14T18:04:00Z,2448,0,7900,7912,2586,3033,16,-119,0,1,0x00
2027-03-14T18:05:00Z,3048,0,7906,7915,2551,3005,13,-120,0,1,0x00
2027-03-14T18:06:00Z,3648,0,7908,7917,2517,3000,13,-120,0,1,0x00
2027-03-14T18:07:00Z,4248,0,7910,7920,2493,2951,14,-119,0,1,0x00
2027-03-14T18:08:00Z,4849,0,7911,7922,2446,2914,14,-119,0,1,0x00
2027-03-14T18:09:00Z,5449,0,7915,7924,2407,2868,12,-119,0,1,0x00
2027-03-14T18:10:00Z,6049,0,7915,7926,2361,2818,17,-120,0,1,0x00
2027-03-14T18:11:00Z,6649,0,7918,7928,2307,2789,12,-120,0,1,0x00
2027-03-14T18:12:00Z,7249,0,7922,7931,2264,2739,14,-119,0,1,0x00
2027-03-14T18:13:00Z,7849,0,7924,7933,2213,2677,12,-120,0,1,0x00
2027-03-14T18:14:00Z,8449,0,7925,7934,2164,2661,15,-120,0,1,0x00
2027-03-14T18:15:00Z,9049,0,7928,7937,2111,2569,13,-119,0,1,0x00
2027-03-14T18:16:00Z,9649,0,7931,7938,2059,2520,13,-120,0,1,0x00
2027-03-14T18:17:00Z,10249,0,7930,7940,1999,2456,12,-119,0,1,0x00
2027-03-14T18:18:00Z,10849,0,7931,7940,1943,2404,20,-119,0,1,0x00
2027-03-14T18:19:00Z,11449,0,7931,7943,1879,2341,15,-119,0,1,0x00
2027-03-14T18:20:00Z,12049,0,7936,7944,1818,2288,12,-87,0,1,0x00
2027-03-14T18:21:00Z,12649,0,7937,7945,1766,2230,12,-79,0,1,0x00
2027-03-14T18:22:00Z,13249,0,7934,7947,1699,2167,15,-72,0,1,0x00
2027-03-14T18:23:00Z,13849,0,7939,7948,1630,2109,15,-65,0,1,0x00
2027-03-14T18:24:00Z,14449,0,7939,7950,1576,2040,15,-63,0,1,0x00
2027-03-14T18:25:00Z,15049,0,7944,7959,2222,2675,13,-63,0,1,0x00
2027-03-14T18:26:00Z,15649,0,7925,7940,2194,2662,12,-67,0,1,0x00
2027-03-14T18:27:00Z,16249,0,7909,7923,2180,2632,12,-73,0,1,0x00
2027-03-14T18:28:00Z,16849,0,7892,7907,2165,2644,17,-78,0,1,0x00
2027-03-14T18:29:00Z,17449,0,7879,7892,2138,2608,12,-84,0,1,0x00
2027-03-14T18:30:00Z,18049,0,7863,7876,2116,2581,14,-120,0,1,0x00
2027-03-14T18:31:00Z,18649,0,7844,7862,2097,2588,15,-118,0,1,0x00
2027-03-14T18:32:00Z,19249,0,7837,7848,2076,2540,13,-118,0,1,0x00
2027-03-14T18:33:00Z,19849,0,7825,7835,2058,2515,13,-119,0,1,0x00
2027-03-14T18:34:00Z,20450,0,7810,7822,2032,2496,12,-119,0,1,0x00
2027-03-14T18:35:00Z,21050,0,7792,7808,2021,2475,12,-119,0,1,0x00
2027-03-14T18:36:00Z,21650,0,7785,7795,1991,2462,12,-119,0,1,0x00
2027-03-14T18:37:00Z,22250,0,7772,7782,1975,2443,15,-121,0,1,0x00
2027-03-14T18:38:00Z,22850,0,7760,7770,1948,2424,14,-120,0,1,0x00
2027-03-14T18:39:00Z,23450,0,7746,7757,1939,2392,12,-118,0,1,0x00
2027-03-14T18:40:00Z,24050,0,7733,7745,1914,2377,14,-119,0,1,0x00
2027-03-14T18:41:00Z,24650,0,7723,7732,1896,2376,13,-118,0,1,0x00
2027-03-14T18:42:00Z,25250,0,7709,7720,1882,2355,16,-119,0,1,0x00
2027-03-14T18:43:00Z,25850,0,7692,7709,1849,2335,12,-119,0,1,0x00
2027-03-14T18:44:00Z,26450,0,7685,7697,1830,2307,14,-121,0,1,0x00
2027-03-14T18:45:00Z,27050,0,7670,7684,1816,2278,13,-119,0,1,0x00
2027-03-14T18:46:00Z,27650,0,7662,7673,1791,2264,12,-119,0,1,0x00
2027-03-14T18:47:00Z,28250,0,7650,7661,1775,2244,12,-119,0,1,0x00
2027-03-14T18:48:00Z,28850,0,7637,7650,1756,2227,20,-119,0,1,0x00
2027-03-14T18:49:00Z,29450,0,7625,7638,1736,2222,13,-121,0,1,0x00
2027-03-14T18:50:00Z,30050,0,7615,7627,1711,2181,12,-118,0,1,0x00
2027-03-14T18:51:00Z,30650,0,7603,7615,1692,2156,12,-120,0,1,0x00
2027-03-14T18:52:00Z,31250,0,7593,7604,1669,2139,12,-119,0,1,0x00
2027-03-14T18:53:00Z,31850,0,7582,7592,1655,2132,15,-121,0,1,0x00
2027-03-14T18:54:00Z,32450,0,7569,7581,1637,2102,16,-119,0,1,0x00
2027-03-14T18:55:00Z,33050,0,7558,7571,1615,2095,13,-121,0,1,0x00
2027-03-14T18:56:00Z,33650,0,7550,7559,1594,2060,14,-119,0,1,0x00
2027-03-14T18:57:00Z,34250,0,7538,7547,1576,2037,13,-118,0,1,0x00
2027-03-14T18:58:00Z,34850,0,7525,7536,1555,2021,16,-118,0,1,0x00
2027-03-14T18:59:00Z,35451,0,7515,7526,1538,2001,13,-119,0,1,0x00
2027-03-14T19:00:00Z,36051,0,7545,7561,1573,2028,20,-118,0,1,0x00
2027-03-14T19:01:00Z,36651,0,7567,7581,1636,2106,15,-118,0,1,0x00
2027-03-14T19:02:00Z,37251,0,7586,7599,1696,2160,14,-119,0,1,0x00
2027-03-14T19:03:00Z,37851,0,7603,7617,1752,2223,13,-121,0,1,0x00
2027-03-14T19:04:00Z,38451,0,7619,7634,1820,2278,16,-118,0,1,0x00
2027-03-14T19:05:00Z,39051,0,7638,7651,1876,2338,13,-118,0,1,0x00
2027-03-14T19:06:00Z,39651,0,7654,7666,1944,2401,14,-118,0,1,0x00
2027-03-14T19:07:00Z,40251,0,7671,7682,1992,2476,12,-120,0,1,0x00
2027-03-14T19:08:00Z,40851,0,7683,7695,2059,2520,14,-119,0,1,0x00
2027-03-14T19:09:00Z,41451,0,7699,7709,2107,2568,15,-118,0,1,0x00
2027-03-14T19:10:00Z,42051,0,7708,7723,2163,2628,13,-87,0,1,0x00
2027-03-14T19:11:00Z,42651,0,7724,7734,2228,2692,18,-78,0,1,0x00
2027-03-14T19:12:00Z,43251,0,7735,7746,2268,2725,15,-72,0,1,0x00
2027-03-14T19:13:00Z,43851,0,7744,7756,2317,2767,12,-66,0,1,0x00
2027-03-14T19:14:00Z,44451,0,7756,7766,2365,2824,12,-65,0,1,0x00
2027-03-14T19:15:00Z,45051,0,7767,7777,2400,2872,16,-64,0,1,0x00
2027-03-14T19:16:00Z,45651,0,7775,7785,2442,2912,13,-65,0,1,0x00
2027-03-14T19:17:00Z,46251,0,7784,7795,2480,2954,13,-72,0,1,0x00
2027-03-14T19:18:00Z,46851,0,7794,7803,2527,2986,16,-79,0,1,0x00
2027-03-14T19:19:00Z,47451,0,7797,7811,2555,3025,12,-86,0,1,0x00
2027-03-14T19:20:00Z,48051,0,7809,7819,2576,3048,14,-119,0,1,0x00
2027-03-14T19:21:00Z,48651,0,7814,7827,2607,3063,15,-120,0,1,0x00
2027-03-14T19:22:00Z,49251,0,7824,7834,2637,3104,14,-118,0,1,0x00
2027-03-14T19:23:00Z,49851,0,7830,7841,2662,3135,12,-119,0,1,0x00
2027-03-14T19:24:00Z,50451,0,7838,7847,2671,3136,16,-119,0,1,0x00
2027-03-14T19:25:00Z,51052,0,7844,7853,2689,3144,12,-120,0,1,0x00
2027-03-14T19:26:00Z,51652,0,7845,7858,2704,3162,12,-118,0,1,0x00
2027-03-14T19:27:00Z,52252,0,7856,7864,2713,3175,13,-119,0,1,0x00
2027-03-14T19:28:00Z,52852,0,7855,7868,2716,3187,16,-118,0,1,0x00
2027-03-14T19:29:00Z,53452,0,7865,7874,2721,3201,13,-118,0,1,0x00
2027-03-14T19:30:00Z,54052,0,7871,7879,2724,3207,12,-119,0,1,0x00
2027-03-14T19:31:00Z,54652,0,7871,7883,2728,3182,13,-119,0,1,0x00
2027-03-14T19:32:00Z,55252,0,7875,7887,2716,3181,14,-119,0,1,0x00
2027-03-14T19:33:00Z,55852,0,7881,7891,2713,3166,17,-119,0,1,0x00
2027-03-14T19:34:00Z,56452,0,7887,7896,2687,3151,13,-119,0,1,0x00
2027-03-14T19:35:00Z,57052,0,7888,7899,2686,3149,13,-117,0,1,0x00
2027-03-14T19:36:00Z,57652,0,7890,7902,2654,3114,12,-119,0,1,0x00
2027-03-14T19:37:00Z,58252,0,7895,7906,2633,3107,13,-119,0,1,0x00
2027-03-14T19:38:00Z,58852,0,7898,7909,2607,3065,12,-121,0,1,0x00
2027-03-14T19:39:00Z,59452,0,7897,7911,2574,3042,13,-119,0,1,0x00
2027-03-14T19:40:00Z,60052,0,7907,7914,2555,3016,13,-118,0,1,0x00
2027-03-14T19:41:00Z,60652,0,7906,7917,2518,2980,14,-119,0,1,0x00
2027-03-14T19:42:00Z,61252,0,7906,7919,2485,2956,15,-120,0,1,0x00
2027-03-14T19:43:00Z,61852,0,7912,7923,2440,2907,13,-120,0,1,0x00
2027-03-14T19:44:00Z,62452,0,7915,7924,2403,2885,15,-120,0,1,0x00
2027-03-14T19:45:00Z,63052,0,7914,7927,2365,2825,13,-121,0,1,0x00
2027-03-14T19:46:00Z,63652,0,7921,7929,2314,2780,14,-119,0,1,0x00
2027-03-14T19:47:00Z,64252,0,7918,7931,2264,2719,12,-120,0,1,0x00
2027-03-14T19:48:00Z,64852,0,7925,7933,2220,2689,14,-119,1,1,0x00
2027-03-14T19:49:00Z,65452,0,7921,7935,2161,2620,15,-119,0,1,0x00
2027-03-14T19:50:00Z,516,0,7926,7937,2115,2581,13,-120,0,1,0x00
2027-03-14T19:51:00Z,1117,0,7930,7938,2058,2518,13,-123,0,1,0x00
2027-03-14T19:52:00Z,1717,0,7926,7940,2002,2454,14,-120,0,1,0x00
2027-03-14T19:53:00Z,2317,0,7932,7942,1941,2401,17,-119,0,1,0x00
2027-03-14T19:54:00Z,2917,0,7933,7943,1889,2361,15,-122,0,1,0x00
2027-03-14T19:55:00Z,3517,0,7935,7944,1823,2290,12,-119,0,1,0x00
2027-03-14T19:56:00Z,4117,0,7934,7946,1764,2215,13,-121,0,1,0x00
2027-03-14T19:57:00Z,4717,0,7940,7947,1697,2168,12,-120,0,1,0x00
2027-03-14T19:58:00Z,5317,0,7940,7948,1635,2095,13,-121,0,1,0x00
2027-03-14T19:59:00Z,5917,0,7941,7948,1577,2041,13,-120,0,1,0x00
2027-03-14T20:00:00Z,6517,0,7945,7958,2212,2674,12,-86,0,1,0x00
2027-03-14T20:01:00Z,7117,0,7929,7939,2190,2663,14,-79,0,1,0x00
2027-03-14T20:02:00Z,7717,0,7911,7923,2176,2647,12,-71,0,1,0x00
2027-03-14T20:03:00Z,8317,0,7893,7906,2166,2637,14,-67,0,1,0x00
2027-03-14T20:04:00Z,8917,0,7877,7892,2145,2603,14,-64,0,1,0x00
2027-03-14T20:05:00Z,9517,0,7865,7877,2108,2580,12,-64,0,1,0x00
2027-03-14T20:06:00Z,10117,0,7851,7862,2097,2571,14,-67,0,1,0x00
2027-03-14T20:07:00Z,10717,0,7835,7848,2074,2568,13,-72,0,1,0x00
2027-03-14T20:08:00Z,11317,0,7822,7836,2052,2513,13,-78,0,1,0x00
2027-03-14T20:09:00Z,11917,0,7810,7821,2044,2506,14,-85,0,1,0x00
2027-03-14T20:10:00Z,12517,0,7798,7809,2017,2479,15,-119,0,1,0x00
2027-03-14T20:11:00Z,13117,0,7780,7795,1996,2484,12,-119,0,1,0x00
2027-03-14T20:12:00Z,13717,0,7768,7783,1973,2441,16,-120,0,1,0x00
2027-03-14T20:13:00Z,14317,0,7759,7770,1951,2430,13,-121,0,1,0x00
2027-03-14T20:14:00Z,14917,0,7744,7757,1933,2428,13,-119,0,1,0x00
2027-03-14T20:15:00Z,15517,0,7732,7744,1914,2386,13,-118,0,1,0x00
2027-03-14T20:16:00Z,16117,0,7719,7732,1889,2360,15,-119,0,1,0x00
2027-03-14T20:17:00Z,16718,0,7709,7721,1883,2339,15,-119,0,1,0x00
2027-03-14T20:18:00Z,17318,0,7694,7708,1855,2331,15,-119,0,1,0x00
2027-03-14T20:19:00Z,17918,0,7684,7696,1841,2309,13,-118,0,1,0x00
2027-03-14T20:20:00Z,18518,0,7676,7685,1817,2285,16,-119,0,1,0x00
2027-03-14T20:21:00Z,19118,0,7658,7672,1801,2265,14,-119,0,1,0x00
2027-03-14T20:22:00Z,19718,0,7650,7661,1783,2257,14,-118,0,1,0x00
2027-03-14T20:23:00Z,20318,0,7638,7650,1760,2215,14,-120,0,1,0x00
2027-03-14T20:24:00Z,20918,0,7627,7638,1731,2213,14,-118,0,1,0x00
2027-03-14T20:25:00Z,21518,0,7614,7627,1717,2176,18,-118,0,1,0x00
2027-03-14T20:26:00Z,22118,0,7604,7615,1692,2168,13,-120,0,1,0x00
2027-03-14T20:27:00Z,22718,0,7591,7603,1681,2155,13,-121,0,1,0x00
2027-03-14T20:28:00Z,23318,0,7582,7592,1658,2121,13,-120,0,1,0x00
2027-03-14T20:29:00Z,23918,0,7571,7582,1635,2092,12,-119,0,1,0x00
2027-03-14T20:30:00Z,24518,0,7556,7570,1619,2067,13,-119,0,1,0x00
2027-03-14T20:31:00Z,25118,0,7545,7558,1603,2064,14,-121,0,1,0x00
2027-03-14T20:32:00Z,25718,0,7532,7546,1579,2043,17,-118,0,1,0x00
2027-03-14T20:33:00Z,26318,0,7526,7536,1553,2027,17,-120,0,1,0x00
2027-03-14T20:34:00Z,26918,0,7517,7526,1535,2003,14,-119,0,1,0x00
2027-03-14T20:35:00Z,27518,0,7547,7560,1568,2024,12,-118,0,1,0x00
2027-03-14T20:36:00Z,28118,0,7566,7580,1651,2101,14,-120,0,1,0x00
2027-03-14T20:37:00Z,28718,0,7581,7599,1703,2153,15,-120,0,1,0x00
2027-03-14T20:38:00Z,29318,0,7604,7618,1752,2223,12,-119,0,1,0x00
2027-03-14T20:39:00Z,29918,0,7619,7635,1826,2290,14,-119,0,1,0x00
2027-03-14T20:40:00Z,30518,0,7633,7650,1884,2346,12,-119,0,1,0x00
2027-03-14T20:41:00Z,31118,0,7655,7666,1942,2401,12,-120,0,1,0x00
2027-03-14T20:42:00Z,31718,0,7669,7681,1987,2453,14,-119,0,1,0x00
2027-03-14T20:43:00Z,32319,0,7685,7695,2061,2508,12,-120,0,1,0x00
2027-03-14T20:44:00Z,32919,0,7697,7708,2114,2587,14,-121,0,1,0x00
2027-03-14T20:45:00Z,33519,0,7710,7722,2165,2631,16,-119,0,1,0x00
2027-03-14T20:46:00Z,34119,0,7722,7734,2220,2677,15,-118,0,1,0x00
2027-03-14T20:47:00Z,34719,0,7735,7746,2258,2741,15,-117,0,1,0x00
2027-03-14T20:48:00Z,35319,0,7740,7755,2312,2776,12,-119,0,1,0x00
2027-03-14T20:49:00Z,35919,0,7753,7766,2364,2822,12,-118,0,1,0x00
2027-03-14T20:50:00Z,36519,0,7762,7776,2409,2864,12,-87,0,1,0x00
2027-03-14T20:51:00Z,37119,0,7777,7787,2442,2915,13,-79,0,1,0x00
2027-03-14T20:52:00Z,37719,0,7786,7795,2486,2959,13,-71,0,1,0x00
2027-03-14T20:53:00Z,38319,0,7792,7804,2528,2980,16,-66,0,1,0x00
2027-03-14T20:54:00Z,38919,0,7802,7810,2554,3021,16,-63,0,1,0x00
2027-03-14T20:55:00Z,39519,0,7810,7819,2577,3036,17,-63,0,1,0x00
2027-03-14T20:56:00Z,40119,0,7818,7827,2610,3074,12,-66,0,1,0x00
2027-03-14T20:57:00Z,40719,0,7824,7833,2649,3125,16,-72,0,1,0x00
2027-03-14T20:58:00Z,41319,0,7830,7840,2653,3123,12,-79,0,1,0x00
2027-03-14T20:59:00Z,41919,0,7838,7846,2673,3155,12,-86,0,1,0x00
2027-03-14T21:00:00Z,42519,0,7842,7853,2691,3162,13,-118,0,1,0x00
2027-03-14T21:01:00Z,43119,0,7848,7858,2702,3171,14,-118,0,1,0x00
2027-03-14T21:02:00Z,43719,0,7856,7864,2716,3177,13,-119,0,1,0x00
2027-03-14T21:03:00Z,44319,0,7860,7869,2725,3192,12,-119,0,1,0x00
2027-03-14T21:04:00Z,44919,0,7862,7873,2726,3183,15,-119,0,1,0x00
2027-03-14T21:05:00Z,45519,0,7868,7878,2729,3187,15,-118,0,1,0x00
2027-03-14T21:06:00Z,46119,0,7874,7883,2714,3186,13,-119,0,1,0x00
2027-03-14T21:07:00Z,46719,0,7878,7888,2707,3187,17,-118,0,1,0x00
2027-03-14T21:08:00Z,47319,0,7881,7891,2702,3164,13,-119,0,1,0x00
2027-03-14T21:09:00Z,47920,0,7886,7895,2691,3153,13,-120,0,1,0x00
2027-03-14T21:10:00Z,48520,0,7889,7898,2673,3146,13,-118,0,1,0x00
2027-03-14T21:11:00Z,49120,0,7894,7902,2651,3113,14,-119,0,1,0x00
2027-03-14T21:12:00Z,49720,0,7897,7906,2639,3095,12,-120,0,1,0x00
2027-03-14T21:13:00Z,50320,0,7901,7909,2620,3066,13,-120,0,1,0x00
2027-03-14T21:14:00Z,50920,0,7902,7911,2580,3039,15,-120,0,1,0x00
2027-03-14T21:15:00Z,51520,0,7904,7915,2541,3001,13,-120,0,1,0x00
2027-03-14T21:16:00Z,52120,0,7908,7917,2520,2995,12,-119,0,1,0x00
2027-03-14T21:17:00Z,52720,0,7904,7920,2480,2948,16,-119,0,1,0x00
2027-03-14T21:18:00Z,53320,0,7911,7922,2445,2917,16,-118,0,1,0x00
2027-03-14T21:19:00Z,53920,0,7915,7924,2405,2866,15,-118,0,1,0x00
2027-03-14T21:20:00Z,54520,0,7916,7927,2360,2835,12,-119,0,1,0x00
2027-03-14T21:21:00Z,55120,0,7913,7928,2318,2775,14,-120,0,1,0x00
2027-03-14T21:22:00Z,55720,0,7921,7931,2273,2719,12,-121,0,1,0x00
2027-03-14T21:23:00Z,56320,0,7923,7931,2219,2684,13,-118,0,1,0x00
2027-03-14T21:24:00Z,56920,0,7923,7934,2172,2635,14,-120,0,1,0x00
2027-03-14T21:25:00Z,57520,0,7923,7936,2113,2577,17,-120,0,1,0x00
2027-03-14T21:26:00Z,58120,0,7927,7937,2063,2522,12,-120,0,1,0x00
2027-03-14T21:27:00Z,58720,0,7931,7941,1997,2458,12,-119,0,1,0x00
2027-03-14T21:28:00Z,59320,0,7933,7941,1938,2423,15,-119,0,1,0x00
2027-03-14T21:29:00Z,59920,0,7929,7942,1880,2362,12,-118,0,1,0x00
2027-03-14T21:30:00Z,60520,0,7937,7944,1823,2270,13,-119,0,1,0x00
2027-03-14T21:31:00Z,61120,0,7936,7945,1762,2228,17,-119,0,1,0x00
2027-03-14T21:32:00Z,61720,0,7937,7945,1703,2165,18,-119,0,1,0x00
2027-03-14T21:33:00Z,62320,0,7938,7948,1628,2107,14,-119,0,1,0x00
2027-03-14T21:34:00Z,62920,0,7939,7948,1581,2042,12,-120,0,1,0x00
2027-03-14T21:35:00Z,63521,0,7943,7958,2218,2689,12,-119,0,1,0x00
2027-03-14T21:36:00Z,64121,0,7928,7939,2203,2676,12,-119,0,1,0x00
2027-03-14T21:37:00Z,64721,0,7914,7923,2178,2645,13,-119,0,1,0x00
2027-03-14T21:38:00Z,65321,0,7888,7907,2154,2621,12,-120,0,1,0x00
2027-03-14T21:39:00Z,385,0,7877,7891,2139,2616,13,-120,0,1,0x00
2027-03-14T21:40:00Z,985,0,7861,7876,2116,2578,12,-87,0,1,0x00
2027-03-14T21:41:00Z,1585,0,7848,7863,2093,2558,15,-78,0,1,0x00
2027-03-14T21:42:00Z,2185,0,7836,7849,2082,2553,12,-71,0,1,0x00
2027-03-14T21:43:00Z,2785,0,7820,7835,2055,2529,16,-65,0,1,0x00
2027-03-14T21:44:00Z,3385,0,7811,7822,2040,2504,14,-65,0,1,0x00
2027-03-14T21:45:00Z,3985,0,7798,7809,2013,2483,12,-63,0,1,0x00
2027-03-14T21:46:00Z,4585,0,7785,7796,1992,2461,14,-66,0,1,0x00
2027-03-14T21:47:00Z,5185,0,7764,7782,1967,2439,12,-73,0,1,0x00
2027-03-14T21:48:00Z,5785,0,7758,7769,1962,2415,12,-78,0,1,0x00
2027-03-14T21:49:00Z,6385,0,7744,7756,1933,2397,18,-86,0,1,0x00
2027-03-14T21:50:00Z,6985,0,7730,7744,1914,2384,13,-119,0,1,0x00
2027-03-14T21:51:00Z,7585,0,7721,7733,1909,2369,13,-118,0,1,0x00
2027-03-14T21:52:00Z,8185,0,7709,7721,1873,2335,14,-118,0,1,0x00
2027-03-14T21:53:00Z,8785,0,7699,7709,1849,2317,13,-118,0,1,0x00
2027-03-14T21:54:00Z,9385,0,7681,7697,1838,2307,16,-119,0,1,0x00
2027-03-14T21:55:00Z,9985,0,7672,7685,1812,2280,12,-121,0,1,0x00
2027-03-14T21:56:00Z,10585,0,7664,7673,1792,2254,12,-117,0,1,0x00
2027-03-14T21:57:00Z,11185,0,7649,7661,1773,2236,13,-119,0,1,0x00
2027-03-14T21:58:00Z,11785,0,7638,7649,1759,2226,15,-119,0,1,0x00
2027-03-14T21:59:00Z,12385,0,7626,7637,1731,2214,13,-120,0,1,0x00
2027-03-14T22:00:00Z,12985,0,7613,7626,1719,2191,13,-120,0,1,0x00
2027-03-14T22:01:00Z,13586,0,7603,7615,1699,2171,14,-119,0,1,0x00
2027-03-14T22:02:00Z,14186,0,7591,7603,1679,2150,13,-118,0,1,0x00
2027-03-14T22:03:00Z,14786,0,7579,7592,1653,2117,15,-120,0,1,0x00
2027-03-14T22:04:00Z,15386,0,7570,7581,1636,2105,15,-120,0,1,0x00
2027-03-14T22:05:00Z,15986,0,7559,7569,1615,2080,12,-119,0,1,0x00
2027-03-14T22:06:00Z,16586,0,7543,7558,1590,2063,15,-119,0,1,0x00
2027-03-14T22:07:00Z,17186,0,7537,7547,1580,2049,15,-120,0,1,0x00
2027-03-14T22:08:00Z,17786,0,7525,7537,1561,2012,12,-119,0,1,0x00
2027-03-14T22:09:00Z,18386,0,7516,7525,1531,2007,12,-119,0,1,0x00
2027-03-14T22:10:00Z,18986,0,7542,7560,1574,2041,12,-118,0,1,0x00
2027-03-14T22:11:00Z,19586,0,7567,7581,1641,2094,12,-120,0,1,0x00
2027-03-14T22:12:00Z,20186,0,7588,7600,1695,2167,13,-119,0,1,0x00
2027-03-14T22:13:00Z,20786,0,7600,7616,1761,2229,12,-119,0,1,0x00
2027-03-14T22:14:00Z,21386,0,7621,7635,1818,2283,15,-120,0,1,0x00
2027-03-14T22:15:00Z,21986,0,7639,7651,1881,2342,14,-119,0,1,0x00
2027-03-14T22:16:00Z,22586,0,7648,7667,1941,2400,16,-120,0,1,0x00
2027-03-14T22:17:00Z,23186,0,7668,7681,1996,2455,14,-120,0,1,0x00
2027-03-14T22:18:00Z,23786,0,7683,7695,2059,2532,12,-118,0,1,0x00
2027-03-14T22:19:00Z,24386,0,7696,7707,2105,2577,16,-119,0,1,0x00
2027-03-14T22:20:00Z,24986,0,7712,7721,2166,2641,12,-119,0,1,0x00
2027-03-14T22:21:00Z,25586,0,7719,7734,2216,2680,12,-120,0,1,0x00
2027-03-14T22:22:00Z,26186,0,7733,7744,2274,2737,12,-120,0,1,0x00
2027-03-14T22:23:00Z,26786,0,7745,7757,2316,2768,13,-119,0,1,0x00
2027-03-14T22:24:00Z,27386,0,7757,7766,2358,2854,14,-119,0,1,0x00
2027-03-14T22:25:00Z,27986,0,7765,7776,2399,2861,12,-117,0,1,0x00
2027-03-14T22:26:00Z,28587,0,7773,7786,2442,2900,15,-120,0,1,0x00
2027-03-14T22:27:00Z,29187,0,7784,7795,2487,2959,14,-120,0,1,0x00
2027-03-14T22:28:00Z,29787,0,7792,7802,2520,2987,12,-119,0,1,0x00
2027-03-14T22:29:00Z,30387,0,7799,7811,2554,3030,12,-119,0,1,0x00
2027-03-14T22:30:00Z,30987,0,7808,7819,2587,3064,15,-87,0,1,0x00
2027-03-14T22:31:00Z,31587,0,7816,7827,2618,3090,12,-78,0,1,0x00
2027-03-14T22:32:00Z,32187,0,7825,7834,2637,3101,13,-71,0,1,0x00
2027-03-14T22:33:00Z,32787,0,7831,7841,2660,3138,14,-67,0,1,0x00
2027-03-14T22:34:00Z,33387,0,7837,7847,2673,3145,14,-64,0,1,0x00
2027-03-14T22:35:00Z,33987,0,7838,7853,2689,3155,13,-66,0,1,0x00
2027-03-14T22:36:00Z,34587,0,7849,7858,2696,3161,14,-69,0,1,0x00
2027-03-14T22:37:00Z,35187,0,7854,7864,2716,3185,12,-72,0,1,0x00
2027-03-14T22:38:00Z,35787,0,7859,7869,2712,3176,12,-78,0,1,0x00
2027-03-14T22:39:00Z,36387,0,7865,7875,2727,3197,14,-87,0,1,0x00
2027-03-14T22:40:00Z,36987,0,7869,7878,2730,3190,16,-120,0,1,0x00
2027-03-14T22:41:00Z,37587,0,7877,7884,2714,3195,15,-119,0,1,0x00
2027-03-14T22:42:00Z,38187,0,7875,7888,2711,3188,14,-120,0,1,0x00
2027-03-14T22:43:00Z,38787,0,7879,7891,2695,3180,12,-118,0,1,0x00
2027-03-14T22:44:00Z,39387,0,7885,7895,2697,3151,13,-118,0,1,0x00
2027-03-14T22:45:00Z,39987,0,7891,7898,2670,3130,13,-119,0,1,0x00
2027-03-14T22:46:00Z,40587,0,7891,7902,2658,3114,13,-120,0,1,0x00
2027-03-14T22:47:00Z,41187,0,7892,7905,2635,3098,14,-118,0,1,0x00
2027-03-14T22:48:00Z,41787,0,7900,7909,2615,3070,13,-120,0,1,0x00
2027-03-14T22:49:00Z,42387,0,7902,7911,2583,3048,13,-117,0,1,0x00
2027-03-14T22:50:00Z,42987,0,7905,7914,2562,3014,13,-118,0,1,0x00
2027-03-14T22:51:00Z,43587,0,7910,7917,2517,2978,15,-121,0,1,0x00
2027-03-14T22:52:00Z,44188,0,7910,7919,2480,2949,16,-118,0,1,0x00
2027-03-14T22:53:00Z,44788,0,7916,7922,2446,2915,14,-119,0,1,0x00
2027-03-14T22:54:00Z,45388,0,7913,7925,2399,2886,12,-121,0,1,0x00
2027-03-14T22:55:00Z,45988,0,7916,7926,2364,2833,12,-119,0,1,0x00
2027-03-14T22:56:00Z,46588,0,7918,7930,2312,2782,13,-119,0,1,0x00
2027-03-14T22:57:00Z,47188,0,7923,7932,2275,2740,13,-121,0,1,0x00
2027-03-14T22:58:00Z,47788,0,7925,7934,2210,2668,13,-118,0,1,0x00
2027-03-14T22:59:00Z,48388,0,7925,7935,2159,2617,12,-119,0,1,0x00
2027-03-14T23:00:00Z,48988,0,7927,7936,2103,2571,21,-118,0,1,0x00
2027-03-14T23:01:00Z,49588,0,7926,7938,2050,2507,12,-118,0,1,0x00
2027-03-14T23:02:00Z,50188,0,7930,7939,2000,2464,12,-118,0,1,0x00
2027-03-14T23:03:00Z,50788,0,7928,7941,1938,2400,13,-119,0,1,0x00
2027-03-14T23:04:00Z,51388,0,7937,7942,1873,2342,15,-119,0,1,0x00
2027-03-14T23:05:00Z,51988,0,7933,7943,1828,2278,14,-120,0,1,0x00
2027-03-14T23:06:00Z,52588,0,7937,7946,1762,2243,15,-119,0,1,0x00
2027-03-14T23:07:00Z,53188,0,7938,7947,1699,2153,17,-120,0,1,0x00
2027-03-14T23:08:00Z,53788,0,7934,7948,1638,2103,13,-119,0,1,0x00
2027-03-14T23:09:00Z,54388,0,7939,7948,1572,2051,12,-121,0,1,0x00
2027-03-14T23:10:00Z,54988,0,7944,7959,2222,2692,14,-120,0,1,0x00
2027-03-14T23:11:00Z,55588,0,7925,7939,2200,2674,14,-120,0,1,0x00
2027-03-14T23:12:00Z,56188,0,7911,7923,2174,2648,12,-120,0,1,0x00
2027-03-14T23:13:00Z,56788,0,7887,7906,2156,2625,14,-120,0,1,0x00
2027-03-14T23:14:00Z,57388,0,7882,7893,2141,2602,15,-118,0,1,0x00
2027-03-14T23:15:00Z,57988,0,7866,7877,2111,2597,14,-120,0,1,0x00
2027-03-14T23:16:00Z,58588,0,7853,7862,2095,2561,12,-120,0,1,0x00
2027-03-14T23:17:00Z,59188,0,7839,7849,2073,2545,14,-118,0,1,0x00
2027-03-14T23:18:00Z,59789,0,7824,7835,2058,2526,12,-118,0,1,0x00
2027-03-14T23:19:00Z,60389,0,7808,7821,2036,2516,12,-120,0,1,0x00
2027-03-14T23:20:00Z,60989,0,7798,7808,2021,2493,13,-87,0,1,0x00
2027-03-14T23:21:00Z,61589,0,7784,7795,1991,2463,13,-78,0,1,0x00
2027-03-14T23:22:00Z,62189,0,7771,7783,1973,2436,12,-71,0,1,0x00
2027-03-14T23:23:00Z,62789,0,7760,7770,1958,2440,14,-67,0,1,0x00
2027-03-14T23:24:00Z,63389,0,7740,7757,1940,2414,14,-64,0,1,0x00
2027-03-14T23:25:00Z,63989,0,7732,7745,1911,2386,12,-63,0,1,0x00
2027-03-14T23:26:00Z,64589,0,7721,7733,1887,2364,15,-66,0,1,0x00
2027-03-14T23:27:00Z,65189,0,7707,7721,1876,2354,15,-71,0,1,0x00
2027-03-14T23:28:00Z,253,0,7698,7708,1853,2320,12,-77,0,1,0x00
2027-03-14T23:29:00Z,853,0,7686,7696,1828,2295,12,-88,0,1,0x00
2027-03-14T23:30:00Z,1453,0,7672,7685,1831,2284,14,-121,0,1,0x00
2027-03-14T23:31:00Z,2053,0,7662,7673,1803,2252,12,-121,0,1,0x00
2027-03-14T23:32:00Z,2653,0,7648,7661,1773,2237,13,-118,0,1,0x00
2027-03-14T23:33:00Z,3253,0,7640,7650,1763,2215,17,-119,0,1,0x00
2027-03-14T23:34:00Z,3853,0,7627,7638,1748,2216,12,-118,0,1,0x00
2027-03-14T23:35:00Z,4453,0,7616,7626,1723,2193,13,-119,0,1,0x00
2027-03-14T23:36:00Z,5053,0,7604,7616,1700,2167,12,-119,0,1,0x00
2027-03-14T23:37:00Z,5653,0,7593,7604,1685,2148,15,-120,0,1,0x00
2027-03-14T23:38:00Z,6253,0,7583,7592,1652,2118,12,-119,0,1,0x00
2027-03-14T23:39:00Z,6853,0,7569,7581,1639,2106,13,-120,0,1,0x00
2027-03-14T23:40:00Z,7453,0,7557,7569,1614,2088,18,-120,0,1,0x00
2027-03-14T23:41:00Z,8053,0,7548,7560,1596,2060,17,-121,0,1,0x00
2027-03-14T23:42:00Z,8653,0,7539,7548,1576,2028,15,-118,0,1,0x00
2027-03-14T23:43:00Z,9253,0,7528,7537,1566,2039,12,-118,0,1,0x00
2027-03-14T23:44:00Z,9854,0,7513,7525,1549,2037,12,-120,0,1,0x00
2027-03-14T23:45:00Z,10454,0,7544,7560,1577,2036,19,-121,0,1,0x00
2027-03-14T23:46:00Z,11054,0,7569,7581,1647,2097,12,-120,0,1,0x00
2027-03-14T23:47:00Z,11654,0,7587,7599,1702,2199,12,-120,0,1,0x00
2027-03-14T23:48:00Z,12254,0,7602,7616,1766,2247,15,-120,0,1,0x00
2027-03-14T23:49:00Z,12854,0,7615,7635,1817,2289,12,-119,0,1,0x00
2027-03-14T23:50:00Z,13454,0,7636,7651,1880,2340,13,-119,0,1,0x00
2027-03-14T23:51:00Z,14054,0,7650,7666,1944,2403,13,-119,0,1,0x00
2027-03-14T23:52:00Z,14654,0,7668,7681,2004,2468,14,-119,0,1,0x00
2027-03-14T23:53:00Z,15254,0,7685,7695,2063,2514,16,-118,0,1,0x00
2027-03-14T23:54:00Z,15854,0,7699,7708,2107,2573,16,-118,0,1,0x00
2027-03-14T23:55:00Z,16454,0,7705,7721,2165,2622,14,-118,0,1,0x00
2027-03-14T23:56:00Z,17054,0,7722,7734,2217,2682,14,-119,0,1,0x00
2027-03-14T23:57:00Z,17654,0,7736,7745,2270,2722,14,-119,0,1,0x00
2027-03-14T23:58:00Z,18254,0,7746,7756,2320,2769,12,-120,0,1,0x00
2027-03-14T23:59:00Z,18854,0,7757,7766,2354,2821,15,-120,0,1,0x00
